side,source,import
CLIENT,android/src/com/mygdx/game/AndroidLauncher.java,android.os.Bundle
CLIENT,android/src/com/mygdx/game/AndroidLauncher.java,com.badlogic.gdx.backends.android.AndroidApplication
CLIENT,android/src/com/mygdx/game/AndroidLauncher.java,com.badlogic.gdx.backends.android.AndroidApplicationConfiguration
CLIENT,android/src/com/mygdx/game/AndroidLauncher.java,com.teamobi.mobiarmy2.MainGame
CLIENT,core/src/CLib/EasingFunction.java,model.CRes
CLIENT,core/src/CLib/Graphics.java,com.badlogic.gdx.graphics.g2d.SpriteBatch
CLIENT,core/src/CLib/Image.java,com.badlogic.gdx.Gdx
CLIENT,core/src/CLib/Image.java,com.badlogic.gdx.assets.AssetManager
CLIENT,core/src/CLib/Image.java,com.badlogic.gdx.files.FileHandle
CLIENT,core/src/CLib/Image.java,com.badlogic.gdx.graphics.Color
CLIENT,core/src/CLib/Image.java,com.badlogic.gdx.graphics.Pixmap
CLIENT,core/src/CLib/Image.java,com.badlogic.gdx.graphics.Texture
CLIENT,core/src/CLib/Image.java,com.badlogic.gdx.graphics.TextureData
CLIENT,core/src/CLib/Image.java,com.badlogic.gdx.graphics.g2d.TextureRegion
CLIENT,core/src/CLib/Image.java,coreLG.CCanvas
CLIENT,core/src/CLib/Image.java,java.io.DataInputStream
CLIENT,core/src/CLib/Image.java,model.CRes
CLIENT,core/src/CLib/Image.java,model.IAction2
CLIENT,core/src/CLib/LibSysTem.java,com.badlogic.gdx.Gdx
CLIENT,core/src/CLib/LibSysTem.java,java.io.InputStream
CLIENT,core/src/CLib/ManagerTile.java,com.badlogic.gdx.graphics.Pixmap
CLIENT,core/src/CLib/MapKey.java,com.badlogic.gdx.Input
CLIENT,core/src/CLib/mGraphics.java,com.badlogic.gdx.graphics.Pixmap
CLIENT,core/src/CLib/mGraphics.java,com.badlogic.gdx.graphics.Texture
CLIENT,core/src/CLib/mGraphics.java,com.badlogic.gdx.graphics.g2d.BitmapFont
CLIENT,core/src/CLib/mGraphics.java,com.badlogic.gdx.graphics.g2d.SpriteBatch
CLIENT,core/src/CLib/mGraphics.java,com.badlogic.gdx.graphics.glutils.ShapeRenderer
CLIENT,core/src/CLib/mGraphics.java,com.badlogic.gdx.math.Rectangle
CLIENT,core/src/CLib/mGraphics.java,com.badlogic.gdx.math.Vector2
CLIENT,core/src/CLib/mGraphics.java,com.badlogic.gdx.scenes.scene2d.utils.ScissorStack
CLIENT,core/src/CLib/mGraphics.java,com.teamobi.mobiarmy2.MainGame
CLIENT,core/src/CLib/mGraphics.java,coreLG.CCanvas
CLIENT,core/src/CLib/mGraphics.java,java.util.Enumeration
CLIENT,core/src/CLib/mHashtable.java,java.util.Enumeration
CLIENT,core/src/CLib/mHashtable.java,java.util.Hashtable
CLIENT,core/src/CLib/mImage.java,java.io.DataInputStream
CLIENT,core/src/CLib/mImage.java,model.IAction2
CLIENT,core/src/CLib/mImage.java,network.Command
CLIENT,core/src/CLib/mSocket.java,java.io.DataInputStream
CLIENT,core/src/CLib/mSocket.java,java.io.DataOutputStream
CLIENT,core/src/CLib/mSocket.java,java.io.IOException
CLIENT,core/src/CLib/mSocket.java,java.net.ConnectException
CLIENT,core/src/CLib/mSocket.java,java.net.Socket
CLIENT,core/src/CLib/mSocket.java,model.CRes
CLIENT,core/src/CLib/mSound.java,model.CRes
CLIENT,core/src/CLib/mSystem.java,com.badlogic.gdx.Gdx
CLIENT,core/src/CLib/mSystem.java,com.badlogic.gdx.Net
CLIENT,core/src/CLib/mSystem.java,com.badlogic.gdx.graphics.Color
CLIENT,core/src/CLib/mSystem.java,com.badlogic.gdx.graphics.Pixmap
CLIENT,core/src/CLib/mSystem.java,com.teamobi.mobiarmy2.TemMidlet
CLIENT,core/src/CLib/mSystem.java,coreLG.CCanvas
CLIENT,core/src/CLib/mSystem.java,java.util.Calendar
CLIENT,core/src/CLib/mSystem.java,java.util.Date
CLIENT,core/src/CLib/mSystem.java,model.CRes
CLIENT,core/src/CLib/mSystem.java,model.IAction2
CLIENT,core/src/CLib/mVector.java,java.util.Vector
CLIENT,core/src/CLib/RMS.java,com.badlogic.gdx.Files
CLIENT,core/src/CLib/RMS.java,com.badlogic.gdx.Gdx
CLIENT,core/src/CLib/RMS.java,com.badlogic.gdx.files.FileHandle
CLIENT,core/src/CLib/RMS.java,com.teamobi.mobiarmy2.GameMidlet
CLIENT,core/src/CLib/RMS.java,model.CRes
CLIENT,core/src/CLib/SoundSystem.java,com.badlogic.gdx.Gdx
CLIENT,core/src/CLib/SoundSystem.java,com.badlogic.gdx.audio.Music
CLIENT,core/src/CLib/SoundSystem.java,com.badlogic.gdx.audio.Sound
CLIENT,core/src/CLib/SoundSystem.java,com.badlogic.gdx.files.FileHandle
CLIENT,core/src/CLib/SoundSystem.java,coreLG.CCanvas
CLIENT,core/src/CLib/SysTemFont.java,com.badlogic.gdx.Gdx
CLIENT,core/src/CLib/SysTemFont.java,com.badlogic.gdx.graphics.Color
CLIENT,core/src/CLib/SysTemFont.java,com.badlogic.gdx.graphics.g2d.BitmapFont
CLIENT,core/src/CLib/SysTemFont.java,com.badlogic.gdx.graphics.g2d.GlyphLayout
CLIENT,core/src/CLib/TemGraphics.java,com.badlogic.gdx.graphics.g2d.SpriteBatch
CLIENT,core/src/CLib/TField.java,com.badlogic.gdx.Gdx
CLIENT,core/src/CLib/TField.java,com.badlogic.gdx.Input
CLIENT,core/src/CLib/TField.java,com.teamobi.mobiarmy2.TemCanvas
CLIENT,core/src/CLib/TField.java,com.teamobi.mobiarmy2.TemMidlet
CLIENT,core/src/com/teamobi/mobiarmy2/GameMidlet.java,CLib.RMS
CLIENT,core/src/com/teamobi/mobiarmy2/GameMidlet.java,CLib.mGraphics
CLIENT,core/src/com/teamobi/mobiarmy2/GameMidlet.java,CLib.mSystem
CLIENT,core/src/com/teamobi/mobiarmy2/GameMidlet.java,coreLG.CCanvas
CLIENT,core/src/com/teamobi/mobiarmy2/GameMidlet.java,coreLG.CONFIG
CLIENT,core/src/com/teamobi/mobiarmy2/GameMidlet.java,java.io.ByteArrayInputStream
CLIENT,core/src/com/teamobi/mobiarmy2/GameMidlet.java,java.io.ByteArrayOutputStream
CLIENT,core/src/com/teamobi/mobiarmy2/GameMidlet.java,java.io.DataInputStream
CLIENT,core/src/com/teamobi/mobiarmy2/GameMidlet.java,java.io.DataOutputStream
CLIENT,core/src/com/teamobi/mobiarmy2/GameMidlet.java,java.io.IOException
CLIENT,core/src/com/teamobi/mobiarmy2/GameMidlet.java,java.io.InputStream
CLIENT,core/src/com/teamobi/mobiarmy2/GameMidlet.java,javax.microedition.midlet.MIDlet
CLIENT,core/src/com/teamobi/mobiarmy2/GameMidlet.java,javax.microedition.midlet.MIDletStateChangeException
CLIENT,core/src/com/teamobi/mobiarmy2/GameMidlet.java,model.CRes
CLIENT,core/src/com/teamobi/mobiarmy2/GameMidlet.java,model.Font
CLIENT,core/src/com/teamobi/mobiarmy2/GameMidlet.java,model.IAction2
CLIENT,core/src/com/teamobi/mobiarmy2/GameMidlet.java,model.Language
CLIENT,core/src/com/teamobi/mobiarmy2/GameMidlet.java,model.PlayerInfo
CLIENT,core/src/com/teamobi/mobiarmy2/GameMidlet.java,network.GameLogicHandler
CLIENT,core/src/com/teamobi/mobiarmy2/GameMidlet.java,network.GameService
CLIENT,core/src/com/teamobi/mobiarmy2/GameMidlet.java,network.Message
CLIENT,core/src/com/teamobi/mobiarmy2/GameMidlet.java,network.MessageHandler
CLIENT,core/src/com/teamobi/mobiarmy2/GameMidlet.java,network.Session_ME
CLIENT,core/src/com/teamobi/mobiarmy2/GameMidlet.java,screen.ServerListScreen
CLIENT,core/src/com/teamobi/mobiarmy2/MainClass.java,CLib.EasingFunction
CLIENT,core/src/com/teamobi/mobiarmy2/MainClass.java,CLib.Image
CLIENT,core/src/com/teamobi/mobiarmy2/MainClass.java,CLib.LibSysTem
CLIENT,core/src/com/teamobi/mobiarmy2/MainClass.java,CLib.mGraphics
CLIENT,core/src/com/teamobi/mobiarmy2/MainClass.java,CLib.mImage
CLIENT,core/src/com/teamobi/mobiarmy2/MainClass.java,com.badlogic.gdx.ApplicationAdapter
CLIENT,core/src/com/teamobi/mobiarmy2/MainClass.java,com.badlogic.gdx.Gdx
CLIENT,core/src/com/teamobi/mobiarmy2/MainClass.java,com.badlogic.gdx.InputMultiplexer
CLIENT,core/src/com/teamobi/mobiarmy2/MainClass.java,com.badlogic.gdx.InputProcessor
CLIENT,core/src/com/teamobi/mobiarmy2/MainClass.java,com.badlogic.gdx.graphics.OrthographicCamera
CLIENT,core/src/com/teamobi/mobiarmy2/MainClass.java,com.badlogic.gdx.graphics.Texture
CLIENT,core/src/com/teamobi/mobiarmy2/MainClass.java,com.badlogic.gdx.graphics.g2d.Sprite
CLIENT,core/src/com/teamobi/mobiarmy2/MainClass.java,com.badlogic.gdx.graphics.g2d.SpriteBatch
CLIENT,core/src/com/teamobi/mobiarmy2/MainClass.java,com.badlogic.gdx.graphics.glutils.ShapeRenderer
CLIENT,core/src/com/teamobi/mobiarmy2/MainClass.java,coreLG.CCanvas
CLIENT,core/src/com/teamobi/mobiarmy2/MainClass.java,coreLG.CONFIG
CLIENT,core/src/com/teamobi/mobiarmy2/MainClass.java,java.io.DataInputStream
CLIENT,core/src/com/teamobi/mobiarmy2/MainClass.java,java.io.FileInputStream
CLIENT,core/src/com/teamobi/mobiarmy2/MainClass.java,java.io.FileNotFoundException
CLIENT,core/src/com/teamobi/mobiarmy2/MainClass.java,java.io.IOException
CLIENT,core/src/com/teamobi/mobiarmy2/MainClass.java,java.io.InputStream
CLIENT,core/src/com/teamobi/mobiarmy2/MainClass.java,model.FilePack
CLIENT,core/src/com/teamobi/mobiarmy2/MainClass.java,model.IAction2
CLIENT,core/src/com/teamobi/mobiarmy2/MainGame.java,CLib.MapKey
CLIENT,core/src/com/teamobi/mobiarmy2/MainGame.java,CLib.mGraphics
CLIENT,core/src/com/teamobi/mobiarmy2/MainGame.java,CLib.mSystem
CLIENT,core/src/com/teamobi/mobiarmy2/MainGame.java,Debug.Debug
CLIENT,core/src/com/teamobi/mobiarmy2/MainGame.java,com.badlogic.gdx.ApplicationListener
CLIENT,core/src/com/teamobi/mobiarmy2/MainGame.java,com.badlogic.gdx.Gdx
CLIENT,core/src/com/teamobi/mobiarmy2/MainGame.java,com.badlogic.gdx.InputMultiplexer
CLIENT,core/src/com/teamobi/mobiarmy2/MainGame.java,com.badlogic.gdx.InputProcessor
CLIENT,core/src/com/teamobi/mobiarmy2/MainGame.java,com.badlogic.gdx.graphics.OrthographicCamera
CLIENT,core/src/com/teamobi/mobiarmy2/MainGame.java,com.badlogic.gdx.graphics.g2d.SpriteBatch
CLIENT,core/src/com/teamobi/mobiarmy2/MainGame.java,com.badlogic.gdx.graphics.glutils.ShapeRenderer
CLIENT,core/src/com/teamobi/mobiarmy2/MainGame.java,com.badlogic.gdx.input.GestureDetector
CLIENT,core/src/com/teamobi/mobiarmy2/MainGame.java,com.badlogic.gdx.math.Vector2
CLIENT,core/src/com/teamobi/mobiarmy2/MainGame.java,com.badlogic.gdx.math.Vector3
CLIENT,core/src/com/teamobi/mobiarmy2/MainGame.java,coreLG.CCanvas
CLIENT,core/src/com/teamobi/mobiarmy2/MainGame.java,effect.Camera
CLIENT,core/src/com/teamobi/mobiarmy2/MainGame.java,java.awt.event.KeyEvent
CLIENT,core/src/com/teamobi/mobiarmy2/MainGame.java,model.CRes
CLIENT,core/src/com/teamobi/mobiarmy2/MainGame.java,model.IAction
CLIENT,core/src/com/teamobi/mobiarmy2/MainGame.java,network.Command
CLIENT,core/src/com/teamobi/mobiarmy2/MainGame.java,network.GameLogicHandler
CLIENT,core/src/com/teamobi/mobiarmy2/MainGame.java,network.MessageHandler
CLIENT,core/src/com/teamobi/mobiarmy2/MainGame.java,network.Session_ME
CLIENT,core/src/com/teamobi/mobiarmy2/MainGame.java,player.PM
CLIENT,core/src/com/teamobi/mobiarmy2/MainGame.java,screen.BoardListScr
CLIENT,core/src/com/teamobi/mobiarmy2/MainGame.java,screen.CScreen
CLIENT,core/src/com/teamobi/mobiarmy2/MainGame.java,screen.ChangePlayerCSr
CLIENT,core/src/com/teamobi/mobiarmy2/MainGame.java,screen.GameScr
CLIENT,core/src/com/teamobi/mobiarmy2/MainGame.java,screen.LoginScr
CLIENT,core/src/com/teamobi/mobiarmy2/MainGame.java,screen.MenuScr
CLIENT,core/src/com/teamobi/mobiarmy2/MainGame.java,screen.ServerListScreen
CLIENT,core/src/com/teamobi/mobiarmy2/MotherCanvas.java,CLib.mGraphics
CLIENT,core/src/com/teamobi/mobiarmy2/MotherCanvas.java,CLib.mSystem
CLIENT,core/src/com/teamobi/mobiarmy2/MotherCanvas.java,coreLG.CCanvas
CLIENT,core/src/com/teamobi/mobiarmy2/MotherCanvas.java,model.CRes
CLIENT,core/src/com/teamobi/mobiarmy2/MyGdxGame.java,com.badlogic.gdx.ApplicationListener
CLIENT,core/src/com/teamobi/mobiarmy2/MyGdxGame.java,com.badlogic.gdx.InputMultiplexer
CLIENT,core/src/com/teamobi/mobiarmy2/MyGdxGame.java,com.badlogic.gdx.graphics.Texture
CLIENT,core/src/com/teamobi/mobiarmy2/MyGdxGame.java,com.badlogic.gdx.graphics.g2d.SpriteBatch
CLIENT,core/src/com/teamobi/mobiarmy2/MyGdxGame.java,com.badlogic.gdx.utils.ScreenUtils
CLIENT,core/src/com/teamobi/mobiarmy2/MyGdxGame.java,model.CRes
CLIENT,core/src/com/teamobi/mobiarmy2/TemCanvas.java,CLib.TemGraphics
CLIENT,core/src/com/teamobi/mobiarmy2/TemCanvas.java,CLib.mGraphics
CLIENT,core/src/com/teamobi/mobiarmy2/TemCanvas.java,CLib.mSystem
CLIENT,core/src/com/teamobi/mobiarmy2/TemCanvas.java,CLib.mVector
CLIENT,core/src/com/teamobi/mobiarmy2/TemCanvas.java,coreLG.CCanvas
CLIENT,core/src/com/teamobi/mobiarmy2/TemCanvas.java,model.CRes
CLIENT,core/src/com/teamobi/mobiarmy2/TemMidlet.java,CLib.RMS
CLIENT,core/src/com/teamobi/mobiarmy2/TemMidlet.java,CLib.mSystem
CLIENT,core/src/com/teamobi/mobiarmy2/TemMidlet.java,com.badlogic.gdx.Gdx
CLIENT,core/src/com/teamobi/mobiarmy2/TemMidlet.java,network.Message
CLIENT,core/src/coreLG/CCanvas.java,CLib.Image
CLIENT,core/src/coreLG/CCanvas.java,CLib.RMS
CLIENT,core/src/coreLG/CCanvas.java,CLib.mGraphics
CLIENT,core/src/coreLG/CCanvas.java,CLib.mImage
CLIENT,core/src/coreLG/CCanvas.java,CLib.mSound
CLIENT,core/src/coreLG/CCanvas.java,CLib.mSystem
CLIENT,core/src/coreLG/CCanvas.java,Equipment.Equip
CLIENT,core/src/coreLG/CCanvas.java,Equipment.EquipGlass
CLIENT,core/src/coreLG/CCanvas.java,Equipment.PlayerEquip
CLIENT,core/src/coreLG/CCanvas.java,Equipment.TypeEquip
CLIENT,core/src/coreLG/CCanvas.java,com.teamobi.mobiarmy2.GameMidlet
CLIENT,core/src/coreLG/CCanvas.java,com.teamobi.mobiarmy2.IActionListener
CLIENT,core/src/coreLG/CCanvas.java,com.teamobi.mobiarmy2.MotherCanvas
CLIENT,core/src/coreLG/CCanvas.java,java.io.IOException
CLIENT,core/src/coreLG/CCanvas.java,java.util.Random
CLIENT,core/src/coreLG/CCanvas.java,java.util.Vector
CLIENT,core/src/coreLG/CCanvas.java,map.CMap
CLIENT,core/src/coreLG/CCanvas.java,map.MM
CLIENT,core/src/coreLG/CCanvas.java,map.MapFile
CLIENT,core/src/coreLG/CCanvas.java,model.CRes
CLIENT,core/src/coreLG/CCanvas.java,model.Dialog
CLIENT,core/src/coreLG/CCanvas.java,model.IAction
CLIENT,core/src/coreLG/CCanvas.java,model.IAction2
CLIENT,core/src/coreLG/CCanvas.java,model.IconManager
CLIENT,core/src/coreLG/CCanvas.java,model.InfoPopup
CLIENT,core/src/coreLG/CCanvas.java,model.InputDlg
CLIENT,core/src/coreLG/CCanvas.java,model.Language
CLIENT,core/src/coreLG/CCanvas.java,model.Menu
CLIENT,core/src/coreLG/CCanvas.java,model.MsgDlg
CLIENT,core/src/coreLG/CCanvas.java,model.MsgPopup
CLIENT,core/src/coreLG/CCanvas.java,model.PauseMenu
CLIENT,core/src/coreLG/CCanvas.java,model.PlayerInfo
CLIENT,core/src/coreLG/CCanvas.java,model.Popup
CLIENT,core/src/coreLG/CCanvas.java,model.Position
CLIENT,core/src/coreLG/CCanvas.java,network.Command
CLIENT,core/src/coreLG/CCanvas.java,network.GameLogicHandler
CLIENT,core/src/coreLG/CCanvas.java,network.GameService
CLIENT,core/src/coreLG/CCanvas.java,network.Message
CLIENT,core/src/coreLG/CCanvas.java,network.Session_ME
CLIENT,core/src/coreLG/CCanvas.java,player.CPlayer
CLIENT,core/src/coreLG/CCanvas.java,screen.ArchivementScr
CLIENT,core/src/coreLG/CCanvas.java,screen.BoardListScr
CLIENT,core/src/coreLG/CCanvas.java,screen.CScreen
CLIENT,core/src/coreLG/CCanvas.java,screen.ChangePlayerCSr
CLIENT,core/src/coreLG/CCanvas.java,screen.ClanScreen
CLIENT,core/src/coreLG/CCanvas.java,screen.ConfigScr
CLIENT,core/src/coreLG/CCanvas.java,screen.EquipScreen
CLIENT,core/src/coreLG/CCanvas.java,screen.FomulaScreen
CLIENT,core/src/coreLG/CCanvas.java,screen.GameScr
CLIENT,core/src/coreLG/CCanvas.java,screen.Inventory
CLIENT,core/src/coreLG/CCanvas.java,screen.LevelScreen
CLIENT,core/src/coreLG/CCanvas.java,screen.ListScr
CLIENT,core/src/coreLG/CCanvas.java,screen.LoginScr
CLIENT,core/src/coreLG/CCanvas.java,screen.LuckyGame
CLIENT,core/src/coreLG/CCanvas.java,screen.LuckyGifrScreen
CLIENT,core/src/coreLG/CCanvas.java,screen.MenuScr
CLIENT,core/src/coreLG/CCanvas.java,screen.MissionScreen
CLIENT,core/src/coreLG/CCanvas.java,screen.MoneyScr
CLIENT,core/src/coreLG/CCanvas.java,screen.MoneyScrIOS
CLIENT,core/src/coreLG/CCanvas.java,screen.MsgScreen
CLIENT,core/src/coreLG/CCanvas.java,screen.PrepareScr
CLIENT,core/src/coreLG/CCanvas.java,screen.QuangCao
CLIENT,core/src/coreLG/CCanvas.java,screen.RoomListScr
CLIENT,core/src/coreLG/CCanvas.java,screen.RoomListScr2
CLIENT,core/src/coreLG/CCanvas.java,screen.ServerListScreen
CLIENT,core/src/coreLG/CCanvas.java,screen.SplashScr
CLIENT,core/src/coreLG/CCanvas.java,shop.ShopBietDoi
CLIENT,core/src/coreLG/CCanvas.java,shop.ShopEquipment
CLIENT,core/src/coreLG/CCanvas.java,shop.ShopItem
CLIENT,core/src/coreLG/CCanvas.java,shop.ShopLinhTinh
CLIENT,core/src/coreLG/SynchronizedData.java,model.IAction
CLIENT,core/src/coreLG/TerrainMidlet.java,CLib.RMS
CLIENT,core/src/coreLG/TerrainMidlet.java,CLib.mSystem
CLIENT,core/src/coreLG/TerrainMidlet.java,com.badlogic.gdx.Gdx
CLIENT,core/src/coreLG/TerrainMidlet.java,com.teamobi.mobiarmy2.TemCanvas
CLIENT,core/src/coreLG/TerrainMidlet.java,java.io.ByteArrayOutputStream
CLIENT,core/src/coreLG/TerrainMidlet.java,java.io.DataOutputStream
CLIENT,core/src/coreLG/TerrainMidlet.java,java.io.InputStream
CLIENT,core/src/coreLG/TerrainMidlet.java,model.CRes
CLIENT,core/src/coreLG/TerrainMidlet.java,model.IAction
CLIENT,core/src/coreLG/TerrainMidlet.java,model.PlayerInfo
CLIENT,core/src/coreLG/TerrainMidlet.java,network.GameLogicHandler
CLIENT,core/src/coreLG/TerrainMidlet.java,network.GameService
CLIENT,core/src/coreLG/TerrainMidlet.java,network.MessageHandler
CLIENT,core/src/coreLG/TerrainMidlet.java,network.Session_ME
CLIENT,core/src/coreLG/TerrainMidlet.java,screen.ServerListScreen
CLIENT,core/src/Debug/Debug.java,CLib.mGraphics
CLIENT,core/src/Debug/Debug.java,CLib.mImage
CLIENT,core/src/Debug/Debug.java,com.badlogic.gdx.Gdx
CLIENT,core/src/Debug/Debug.java,com.badlogic.gdx.graphics.Pixmap
CLIENT,core/src/Debug/Debug.java,coreLG.CCanvas
CLIENT,core/src/Debug/Debug.java,model.Font
CLIENT,core/src/effect/Camera.java,CLib.mGraphics
CLIENT,core/src/effect/Camera.java,com.badlogic.gdx.graphics.OrthographicCamera
CLIENT,core/src/effect/Camera.java,com.badlogic.gdx.math.Matrix4
CLIENT,core/src/effect/Camera.java,coreLG.CCanvas
CLIENT,core/src/effect/Camera.java,item.BM
CLIENT,core/src/effect/Camera.java,item.Bullet
CLIENT,core/src/effect/Camera.java,map.MM
CLIENT,core/src/effect/Camera.java,model.CRes
CLIENT,core/src/effect/Camera.java,player.PM
CLIENT,core/src/effect/Camera.java,screen.CScreen
CLIENT,core/src/effect/Camera.java,screen.GameScr
CLIENT,core/src/effect/Cloud.java,CLib.mGraphics
CLIENT,core/src/effect/Cloud.java,CLib.mImage
CLIENT,core/src/effect/Cloud.java,coreLG.CCanvas
CLIENT,core/src/effect/Cloud.java,map.Background
CLIENT,core/src/effect/Cloud.java,screen.PrepareScr
CLIENT,core/src/effect/Effect.java,CLib.mGraphics
CLIENT,core/src/effect/Effect.java,CLib.mImage
CLIENT,core/src/effect/Effect.java,screen.GameScr
CLIENT,core/src/effect/Explosion.java,CLib.Image
CLIENT,core/src/effect/Explosion.java,CLib.mGraphics
CLIENT,core/src/effect/Explosion.java,CLib.mImage
CLIENT,core/src/effect/Explosion.java,coreLG.CCanvas
CLIENT,core/src/effect/Explosion.java,coreLG.CONFIG
CLIENT,core/src/effect/Explosion.java,item.Item
CLIENT,core/src/effect/Explosion.java,model.CRes
CLIENT,core/src/effect/Explosion.java,model.FilePack
CLIENT,core/src/effect/Explosion.java,model.FrameImage
CLIENT,core/src/effect/Explosion.java,model.IAction2
CLIENT,core/src/effect/Explosion.java,player.PM
CLIENT,core/src/effect/Explosion.java,screen.GameScr
CLIENT,core/src/effect/GiftEffect.java,CLib.mGraphics
CLIENT,core/src/effect/GiftEffect.java,Equipment.Equip
CLIENT,core/src/effect/GiftEffect.java,coreLG.CCanvas
CLIENT,core/src/effect/GiftEffect.java,model.Font
CLIENT,core/src/effect/Smoke.java,CLib.Image
CLIENT,core/src/effect/Smoke.java,CLib.mGraphics
CLIENT,core/src/effect/Smoke.java,CLib.mImage
CLIENT,core/src/effect/Smoke.java,coreLG.CCanvas
CLIENT,core/src/effect/Smoke.java,coreLG.CONFIG
CLIENT,core/src/effect/Smoke.java,map.MM
CLIENT,core/src/effect/Smoke.java,model.CRes
CLIENT,core/src/effect/Smoke.java,model.FilePack
CLIENT,core/src/effect/Smoke.java,model.FrameImage
CLIENT,core/src/effect/Smoke.java,model.IAction2
CLIENT,core/src/effect/Smoke.java,screen.GameScr
CLIENT,core/src/effect/SmokeManager.java,CLib.mGraphics
CLIENT,core/src/effect/SmokeManager.java,java.util.Vector
CLIENT,core/src/effect/SmokeManager.java,model.CRes
CLIENT,core/src/effect/SmokeManager.java,screen.GameScr
CLIENT,core/src/effect/Snow.java,CLib.mGraphics
CLIENT,core/src/effect/Snow.java,CLib.mImage
CLIENT,core/src/effect/Snow.java,coreLG.CCanvas
CLIENT,core/src/effect/Snow.java,map.Background
CLIENT,core/src/effect/Snow.java,map.MM
CLIENT,core/src/effect/Snow.java,screen.GameScr
CLIENT,core/src/effect/Tornado.java,CLib.mGraphics
CLIENT,core/src/effect/Tornado.java,CLib.mImage
CLIENT,core/src/effect/Tornado.java,coreLG.CCanvas
CLIENT,core/src/effect/Tornado.java,item.BM
CLIENT,core/src/effect/Tornado.java,java.util.Random
CLIENT,core/src/effect/Tornado.java,model.FrameImage
CLIENT,core/src/Equipment/Equip.java,CLib.mGraphics
CLIENT,core/src/Equipment/Equip.java,CLib.mImage
CLIENT,core/src/Equipment/Equip.java,coreLG.TerrainMidlet
CLIENT,core/src/Equipment/Equip.java,java.util.Vector
CLIENT,core/src/Equipment/Equip.java,model.Font
CLIENT,core/src/Equipment/Equip.java,model.Language
CLIENT,core/src/Equipment/Equip.java,model.PlayerInfo
CLIENT,core/src/Equipment/Equip.java,screen.EquipScreen
CLIENT,core/src/Equipment/EquipGlass.java,java.util.Vector
CLIENT,core/src/Equipment/PlayerEquip.java,CLib.mGraphics
CLIENT,core/src/Equipment/PlayerEquip.java,CLib.mImage
CLIENT,core/src/Equipment/PlayerEquip.java,java.util.Vector
CLIENT,core/src/Equipment/PlayerEquip.java,player.CPlayer
CLIENT,core/src/Equipment/TypeEquip.java,java.util.Vector
CLIENT,core/src/InterfaceComponents/ChatTextField.java,CLib.TField
CLIENT,core/src/InterfaceComponents/ChatTextField.java,CLib.mGraphics
CLIENT,core/src/InterfaceComponents/ChatTextField.java,coreLG.CCanvas
CLIENT,core/src/InterfaceComponents/GamePad.java,CLib.mGraphics
CLIENT,core/src/InterfaceComponents/GamePad.java,CLib.mImage
CLIENT,core/src/item/BM.java,CLib.Image
CLIENT,core/src/item/BM.java,CLib.mGraphics
CLIENT,core/src/item/BM.java,CLib.mImage
CLIENT,core/src/item/BM.java,Equipment.PlayerEquip
CLIENT,core/src/item/BM.java,coreLG.CCanvas
CLIENT,core/src/item/BM.java,effect.Explosion
CLIENT,core/src/item/BM.java,effect.Tornado
CLIENT,core/src/item/BM.java,java.util.Vector
CLIENT,core/src/item/BM.java,map.MM
CLIENT,core/src/item/BM.java,model.CRes
CLIENT,core/src/item/BM.java,model.FrameImage
CLIENT,core/src/item/BM.java,model.IAction2
CLIENT,core/src/item/BM.java,model.Position
CLIENT,core/src/item/BM.java,network.GameService
CLIENT,core/src/item/BM.java,player.CPlayer
CLIENT,core/src/item/BM.java,player.PM
CLIENT,core/src/item/BM.java,screen.GameScr
CLIENT,core/src/item/Bullet.java,CLib.Image
CLIENT,core/src/item/Bullet.java,CLib.mGraphics
CLIENT,core/src/item/Bullet.java,CLib.mImage
CLIENT,core/src/item/Bullet.java,CLib.mSound
CLIENT,core/src/item/Bullet.java,CLib.mSystem
CLIENT,core/src/item/Bullet.java,Equipment.PlayerEquip
CLIENT,core/src/item/Bullet.java,coreLG.CCanvas
CLIENT,core/src/item/Bullet.java,coreLG.CONFIG
CLIENT,core/src/item/Bullet.java,effect.Camera
CLIENT,core/src/item/Bullet.java,effect.Explosion
CLIENT,core/src/item/Bullet.java,effect.Smoke
CLIENT,core/src/item/Bullet.java,effect.Tornado
CLIENT,core/src/item/Bullet.java,java.util.Vector
CLIENT,core/src/item/Bullet.java,map.CMap
CLIENT,core/src/item/Bullet.java,map.MM
CLIENT,core/src/item/Bullet.java,model.CRes
CLIENT,core/src/item/Bullet.java,model.FilePack
CLIENT,core/src/item/Bullet.java,model.FrameImage
CLIENT,core/src/item/Bullet.java,model.IAction2
CLIENT,core/src/item/Bullet.java,model.Position
CLIENT,core/src/item/Bullet.java,player.CPlayer
CLIENT,core/src/item/Bullet.java,player.PM
CLIENT,core/src/item/Bullet.java,screen.GameScr
CLIENT,core/src/item/Item.java,CLib.mGraphics
CLIENT,core/src/item/Item.java,CLib.mImage
CLIENT,core/src/item/Item.java,coreLG.CCanvas
CLIENT,core/src/item/Item.java,model.Font
CLIENT,core/src/item/Item.java,model.Language
CLIENT,core/src/item/Item.java,screen.GameScr
CLIENT,core/src/item/MyItemIcon.java,CLib.mGraphics
CLIENT,core/src/item/MyItemIcon.java,coreLG.CCanvas
CLIENT,core/src/item/MyItemIcon.java,model.CRes
CLIENT,core/src/item/MyItemIcon.java,model.Font
CLIENT,core/src/item/MyItemIcon.java,model.IAction
CLIENT,core/src/item/MyItemIcon.java,screen.CScreen
CLIENT,core/src/item/MyItemIcon.java,screen.PrepareScr
CLIENT,core/src/item/RandomItem.java,CLib.mGraphics
CLIENT,core/src/item/RandomItem.java,CLib.mImage
CLIENT,core/src/item/RandomItem.java,model.CRes
CLIENT,core/src/item/RandomItem.java,screen.GameScr
CLIENT,core/src/javax/microedition/lcdui/Graphics.java,com.badlogic.gdx.graphics.g2d.SpriteBatch
CLIENT,core/src/javax/microedition/lcdui/Image.java,CLib.LibSysTem
CLIENT,core/src/javax/microedition/lcdui/Image.java,CLib.mSystem
CLIENT,core/src/javax/microedition/lcdui/Image.java,com.badlogic.gdx.Gdx
CLIENT,core/src/javax/microedition/lcdui/Image.java,com.badlogic.gdx.graphics.Color
CLIENT,core/src/javax/microedition/lcdui/Image.java,com.badlogic.gdx.graphics.Pixmap
CLIENT,core/src/javax/microedition/lcdui/Image.java,com.badlogic.gdx.graphics.Texture
CLIENT,core/src/javax/microedition/lcdui/Image.java,com.badlogic.gdx.graphics.TextureData
CLIENT,core/src/javax/microedition/lcdui/Image.java,com.badlogic.gdx.graphics.g2d.Sprite
CLIENT,core/src/javax/microedition/lcdui/Image.java,com.badlogic.gdx.graphics.g2d.TextureRegion
CLIENT,core/src/javax/microedition/lcdui/Image.java,java.io.ByteArrayOutputStream
CLIENT,core/src/javax/microedition/lcdui/Image.java,java.io.DataInputStream
CLIENT,core/src/javax/microedition/lcdui/Image.java,java.io.DataOutputStream
CLIENT,core/src/javax/microedition/lcdui/Image.java,java.io.IOException
CLIENT,core/src/javax/microedition/midlet/MIDlet.java,CLib.mSystem
CLIENT,core/src/javax/microedition/midlet/MIDlet.java,com.badlogic.gdx.Gdx
CLIENT,core/src/lib/mGraphics.java,CLib.mImage
CLIENT,core/src/lib/MyStream.java,java.io.InputStream
CLIENT,core/src/map/Background.java,CLib.mGraphics
CLIENT,core/src/map/Background.java,CLib.mImage
CLIENT,core/src/map/Background.java,coreLG.CCanvas
CLIENT,core/src/map/Background.java,coreLG.CONFIG
CLIENT,core/src/map/Background.java,effect.Camera
CLIENT,core/src/map/Background.java,effect.Snow
CLIENT,core/src/map/Background.java,model.CRes
CLIENT,core/src/map/Background.java,model.FilePack
CLIENT,core/src/map/Background.java,model.FrameImage
CLIENT,core/src/map/Background.java,model.IAction2
CLIENT,core/src/map/Background.java,player.CPlayer
CLIENT,core/src/map/Background.java,screen.CScreen
CLIENT,core/src/map/Background.java,screen.GameScr
CLIENT,core/src/map/Background.java,screen.PrepareScr
CLIENT,core/src/map/CMap.java,CLib.Image
CLIENT,core/src/map/CMap.java,CLib.mGraphics
CLIENT,core/src/map/CMap.java,CLib.mImage
CLIENT,core/src/map/CMap.java,coreLG.CCanvas
CLIENT,core/src/map/CMap.java,coreLG.CONFIG
CLIENT,core/src/map/CMap.java,model.CRes
CLIENT,core/src/map/CMap.java,model.FilePack
CLIENT,core/src/map/CMap.java,model.IAction2
CLIENT,core/src/map/MapImage.java,CLib.mImage
CLIENT,core/src/map/MM.java,CLib.Image
CLIENT,core/src/map/MM.java,CLib.mGraphics
CLIENT,core/src/map/MM.java,CLib.mImage
CLIENT,core/src/map/MM.java,coreLG.CCanvas
CLIENT,core/src/map/MM.java,effect.Explosion
CLIENT,core/src/map/MM.java,java.util.Hashtable
CLIENT,core/src/map/MM.java,java.util.Vector
CLIENT,core/src/map/MM.java,model.CRes
CLIENT,core/src/map/MM.java,model.IAction2
CLIENT,core/src/map/MM.java,model.TimeBomb
CLIENT,core/src/map/MM.java,network.GameService
CLIENT,core/src/map/MM.java,player.PM
CLIENT,core/src/map/MM.java,screen.GameScr
CLIENT,core/src/map/MM.java,screen.MenuScr
CLIENT,core/src/model/AvatarInfo.java,CLib.Image
CLIENT,core/src/model/AvMain.java,CLib.mFont
CLIENT,core/src/model/AvMain.java,CLib.mGraphics
CLIENT,core/src/model/AvMain.java,CLib.mImage
CLIENT,core/src/model/AvMain.java,coreLG.CCanvas
CLIENT,core/src/model/ChatPopup.java,CLib.mGraphics
CLIENT,core/src/model/ChatPopup.java,CLib.mImage
CLIENT,core/src/model/ChatPopup.java,coreLG.CCanvas
CLIENT,core/src/model/ChatPopup.java,effect.Camera
CLIENT,core/src/model/ChatPopup.java,screen.GameScr
CLIENT,core/src/model/Clan.java,CLib.mImage
CLIENT,core/src/model/CRes.java,CLib.Image
CLIENT,core/src/model/CRes.java,CLib.LibSysTem
CLIENT,core/src/model/CRes.java,CLib.RMS
CLIENT,core/src/model/CRes.java,CLib.mImage
CLIENT,core/src/model/CRes.java,com.badlogic.gdx.Gdx
CLIENT,core/src/model/CRes.java,com.badlogic.gdx.graphics.Color
CLIENT,core/src/model/CRes.java,com.badlogic.gdx.graphics.Pixmap
CLIENT,core/src/model/CRes.java,com.badlogic.gdx.graphics.PixmapIO
CLIENT,core/src/model/CRes.java,com.badlogic.gdx.utils.BufferUtils
CLIENT,core/src/model/CRes.java,com.badlogic.gdx.utils.ScreenUtils
CLIENT,core/src/model/CRes.java,com.teamobi.mobiarmy2.GameMidlet
CLIENT,core/src/model/CRes.java,com.teamobi.mobiarmy2.MainGame
CLIENT,core/src/model/CRes.java,java.awt.image.BufferedImage
CLIENT,core/src/model/CRes.java,java.io.ByteArrayInputStream
CLIENT,core/src/model/CRes.java,java.io.ByteArrayOutputStream
CLIENT,core/src/model/CRes.java,java.io.DataInputStream
CLIENT,core/src/model/CRes.java,java.io.DataOutputStream
CLIENT,core/src/model/CRes.java,java.io.IOException
CLIENT,core/src/model/CRes.java,java.io.InputStream
CLIENT,core/src/model/CRes.java,java.util.Random
CLIENT,core/src/model/CRes.java,javax.imageio.ImageIO
CLIENT,core/src/model/CTime.java,CLib.mGraphics
CLIENT,core/src/model/CTime.java,coreLG.CCanvas
CLIENT,core/src/model/CTime.java,effect.Camera
CLIENT,core/src/model/CTime.java,network.GameService
CLIENT,core/src/model/CTime.java,network.Session_ME
CLIENT,core/src/model/CTime.java,player.PM
CLIENT,core/src/model/CTime.java,screen.CScreen
CLIENT,core/src/model/CTime.java,screen.GameScr
CLIENT,core/src/model/Dialog.java,CLib.mGraphics
CLIENT,core/src/model/Dialog.java,coreLG.CCanvas
CLIENT,core/src/model/Dialog.java,network.Command
CLIENT,core/src/model/Dialog.java,screen.CScreen
CLIENT,core/src/model/FilePack.java,CLib.mImage
CLIENT,core/src/model/FilePack.java,com.badlogic.gdx.Gdx
CLIENT,core/src/model/FilePack.java,coreLG.CCanvas
CLIENT,core/src/model/FilePack.java,java.io.ByteArrayInputStream
CLIENT,core/src/model/FilePack.java,java.io.DataInputStream
CLIENT,core/src/model/FilePack.java,java.io.EOFException
CLIENT,core/src/model/FilePack.java,java.io.IOException
CLIENT,core/src/model/FilePack.java,java.io.InputStream
CLIENT,core/src/model/Fomula.java,CLib.mGraphics
CLIENT,core/src/model/Fomula.java,CLib.mImage
CLIENT,core/src/model/Fomula.java,Equipment.Equip
CLIENT,core/src/model/Fomula.java,coreLG.CCanvas
CLIENT,core/src/model/Fomula.java,coreLG.TerrainMidlet
CLIENT,core/src/model/Font.java,CLib.Image
CLIENT,core/src/model/Font.java,CLib.mGraphics
CLIENT,core/src/model/Font.java,CLib.mImage
CLIENT,core/src/model/Font.java,java.util.Vector
CLIENT,core/src/model/FrameImage.java,CLib.Image
CLIENT,core/src/model/FrameImage.java,CLib.mGraphics
CLIENT,core/src/model/FrameImage.java,CLib.mImage
CLIENT,core/src/model/FrameImage.java,Debug.Debug
CLIENT,core/src/model/FrameImage.java,coreLG.CCanvas
CLIENT,core/src/model/GetString.java,java.io.InputStream
CLIENT,core/src/model/Gift.java,CLib.Image
CLIENT,core/src/model/IconManager.java,CLib.Image
CLIENT,core/src/model/IconManager.java,java.util.Vector
CLIENT,core/src/model/ImageIcon.java,CLib.mImage
CLIENT,core/src/model/InfoPopup.java,CLib.mGraphics
CLIENT,core/src/model/InfoPopup.java,coreLG.CCanvas
CLIENT,core/src/model/InfoPopup.java,java.util.Vector
CLIENT,core/src/model/InputDlg.java,CLib.mGraphics
CLIENT,core/src/model/InputDlg.java,coreLG.CCanvas
CLIENT,core/src/model/InputDlg.java,network.Command
CLIENT,core/src/model/InputDlg.java,screen.CScreen
CLIENT,core/src/model/LuckyGift.java,CLib.mGraphics
CLIENT,core/src/model/LuckyGift.java,CLib.mImage
CLIENT,core/src/model/LuckyGift.java,effect.Explosion
CLIENT,core/src/model/LuckyGift.java,item.Item
CLIENT,core/src/model/LuckyGift.java,player.Boss
CLIENT,core/src/model/MaterialIconMn.java,CLib.mImage
CLIENT,core/src/model/MaterialIconMn.java,java.util.Vector
CLIENT,core/src/model/Menu.java,CLib.mGraphics
CLIENT,core/src/model/Menu.java,coreLG.CCanvas
CLIENT,core/src/model/Menu.java,java.util.Vector
CLIENT,core/src/model/Menu.java,network.Command
CLIENT,core/src/model/Menu.java,screen.CScreen
CLIENT,core/src/model/MsgDlg.java,CLib.mGraphics
CLIENT,core/src/model/MsgDlg.java,CLib.mSystem
CLIENT,core/src/model/MsgDlg.java,coreLG.CCanvas
CLIENT,core/src/model/MsgDlg.java,network.Command
CLIENT,core/src/model/MsgDlg.java,screen.CScreen
CLIENT,core/src/model/MsgPopup.java,CLib.mGraphics
CLIENT,core/src/model/MsgPopup.java,CLib.mImage
CLIENT,core/src/model/MsgPopup.java,coreLG.CCanvas
CLIENT,core/src/model/MsgPopup.java,screen.GameScr
CLIENT,core/src/model/PauseMenu.java,CLib.mGraphics
CLIENT,core/src/model/PauseMenu.java,coreLG.CCanvas
CLIENT,core/src/model/PauseMenu.java,java.util.Vector
CLIENT,core/src/model/PauseMenu.java,network.Command
CLIENT,core/src/model/PauseMenu.java,screen.CScreen
CLIENT,core/src/model/PlayerInfo.java,CLib.mImage
CLIENT,core/src/model/PlayerInfo.java,Equipment.Equip
CLIENT,core/src/model/PlayerInfo.java,Equipment.PlayerEquip
CLIENT,core/src/model/PlayerInfo.java,java.util.Vector
CLIENT,core/src/model/Popup.java,CLib.mGraphics
CLIENT,core/src/model/Popup.java,coreLG.CCanvas
CLIENT,core/src/model/TField.java,CLib.mGraphics
CLIENT,core/src/model/TField.java,com.badlogic.gdx.Gdx
CLIENT,core/src/model/TField.java,com.badlogic.gdx.Input
CLIENT,core/src/model/TField.java,coreLG.CCanvas
CLIENT,core/src/model/TField.java,network.Command
CLIENT,core/src/model/TField.java,screen.CScreen
CLIENT,core/src/model/TimeBomb.java,CLib.mGraphics
CLIENT,core/src/model/TimeBomb.java,coreLG.CCanvas
CLIENT,core/src/model/TimeBomb.java,effect.Camera
CLIENT,core/src/model/TimeBomb.java,effect.Explosion
CLIENT,core/src/model/TimeBomb.java,item.Bullet
CLIENT,core/src/model/TimeBomb.java,screen.GameScr
CLIENT,core/src/network/Command.java,CLib.Graphics
CLIENT,core/src/network/Command.java,model.IAction
CLIENT,core/src/network/GameLogicHandler.java,CLib.Image
CLIENT,core/src/network/GameLogicHandler.java,CLib.RMS
CLIENT,core/src/network/GameLogicHandler.java,CLib.mImage
CLIENT,core/src/network/GameLogicHandler.java,CLib.mSound
CLIENT,core/src/network/GameLogicHandler.java,CLib.mSystem
CLIENT,core/src/network/GameLogicHandler.java,com.teamobi.mobiarmy2.GameMidlet
CLIENT,core/src/network/GameLogicHandler.java,com.teamobi.mobiarmy2.MainGame
CLIENT,core/src/network/GameLogicHandler.java,coreLG.CCanvas
CLIENT,core/src/network/GameLogicHandler.java,coreLG.TerrainMidlet
CLIENT,core/src/network/GameLogicHandler.java,java.util.Vector
CLIENT,core/src/network/GameLogicHandler.java,model.AvatarInfo
CLIENT,core/src/network/GameLogicHandler.java,model.CRes
CLIENT,core/src/network/GameLogicHandler.java,model.Font
CLIENT,core/src/network/GameLogicHandler.java,model.IAction
CLIENT,core/src/network/GameLogicHandler.java,model.Language
CLIENT,core/src/network/GameLogicHandler.java,model.MsgInfo
CLIENT,core/src/network/GameLogicHandler.java,model.PlayerInfo
CLIENT,core/src/network/GameLogicHandler.java,model.UserData
CLIENT,core/src/network/GameLogicHandler.java,player.PM
CLIENT,core/src/network/GameLogicHandler.java,screen.BoardListScr
CLIENT,core/src/network/GameLogicHandler.java,screen.ConfigScr
CLIENT,core/src/network/GameLogicHandler.java,screen.ListScr
CLIENT,core/src/network/GameLogicHandler.java,screen.LoginScr
CLIENT,core/src/network/GameLogicHandler.java,screen.MenuScr
CLIENT,core/src/network/GameLogicHandler.java,screen.PrepareScr
CLIENT,core/src/network/GameService.java,CLib.Image
CLIENT,core/src/network/GameService.java,CLib.mSystem
CLIENT,core/src/network/GameService.java,com.teamobi.mobiarmy2.GameMidlet
CLIENT,core/src/network/GameService.java,coreLG.CCanvas
CLIENT,core/src/network/GameService.java,item.Bullet
CLIENT,core/src/network/GameService.java,java.io.IOException
CLIENT,core/src/network/GameService.java,java.util.Vector
CLIENT,core/src/network/GameService.java,map.HoleInfo
CLIENT,core/src/network/GameService.java,model.CRes
CLIENT,core/src/network/GameService.java,model.UserData
CLIENT,core/src/network/GameService.java,screen.GameScr
CLIENT,core/src/network/IGameLogicHandler.java,CLib.Image
CLIENT,core/src/network/IGameLogicHandler.java,java.util.Vector
CLIENT,core/src/network/IGameLogicHandler.java,model.AvatarInfo
CLIENT,core/src/network/IGameLogicHandler.java,model.MsgInfo
CLIENT,core/src/network/IGameLogicHandler.java,model.PlayerInfo
CLIENT,core/src/network/IGameLogicHandler.java,model.UserData
CLIENT,core/src/network/Message.java,java.io.ByteArrayInputStream
CLIENT,core/src/network/Message.java,java.io.ByteArrayOutputStream
CLIENT,core/src/network/Message.java,java.io.DataInputStream
CLIENT,core/src/network/Message.java,java.io.DataOutputStream
CLIENT,core/src/network/Message.java,java.io.IOException
CLIENT,core/src/network/MessageHandler.java,CLib.RMS
CLIENT,core/src/network/MessageHandler.java,CLib.mImage
CLIENT,core/src/network/MessageHandler.java,CLib.mSystem
CLIENT,core/src/network/MessageHandler.java,Equipment.Equip
CLIENT,core/src/network/MessageHandler.java,Equipment.PlayerEquip
CLIENT,core/src/network/MessageHandler.java,InApp.MainActivity
CLIENT,core/src/network/MessageHandler.java,com.teamobi.mobiarmy2.GameMidlet
CLIENT,core/src/network/MessageHandler.java,coreLG.CCanvas
CLIENT,core/src/network/MessageHandler.java,coreLG.TerrainMidlet
CLIENT,core/src/network/MessageHandler.java,effect.GiftEffect
CLIENT,core/src/network/MessageHandler.java,item.BM
CLIENT,core/src/network/MessageHandler.java,item.Bullet
CLIENT,core/src/network/MessageHandler.java,item.Item
CLIENT,core/src/network/MessageHandler.java,java.util.Vector
CLIENT,core/src/network/MessageHandler.java,map.MM
CLIENT,core/src/network/MessageHandler.java,model.BoardInfo
CLIENT,core/src/network/MessageHandler.java,model.CRes
CLIENT,core/src/network/MessageHandler.java,model.CTime
CLIENT,core/src/network/MessageHandler.java,model.Clan
CLIENT,core/src/network/MessageHandler.java,model.ClanItem
CLIENT,core/src/network/MessageHandler.java,model.Fomula
CLIENT,core/src/network/MessageHandler.java,model.Font
CLIENT,core/src/network/MessageHandler.java,model.IAction
CLIENT,core/src/network/MessageHandler.java,model.ImageIcon
CLIENT,core/src/network/MessageHandler.java,model.Language
CLIENT,core/src/network/MessageHandler.java,model.LuckyGift
CLIENT,core/src/network/MessageHandler.java,model.MaterialIconMn
CLIENT,core/src/network/MessageHandler.java,model.Mission
CLIENT,core/src/network/MessageHandler.java,model.MoneyInfo
CLIENT,core/src/network/MessageHandler.java,model.MsgInfo
CLIENT,core/src/network/MessageHandler.java,model.PlayerInfo
CLIENT,core/src/network/MessageHandler.java,model.RoomInfo
CLIENT,core/src/network/MessageHandler.java,model.TimeBomb
CLIENT,core/src/network/MessageHandler.java,player.CPlayer
CLIENT,core/src/network/MessageHandler.java,player.PM
CLIENT,core/src/network/MessageHandler.java,screen.BoardListScr
CLIENT,core/src/network/MessageHandler.java,screen.CScreen
CLIENT,core/src/network/MessageHandler.java,screen.ChangePlayerCSr
CLIENT,core/src/network/MessageHandler.java,screen.GameScr
CLIENT,core/src/network/MessageHandler.java,screen.LevelScreen
CLIENT,core/src/network/MessageHandler.java,screen.LoginScr
CLIENT,core/src/network/MessageHandler.java,screen.LuckyGame
CLIENT,core/src/network/MessageHandler.java,screen.LuckyGifrScreen
CLIENT,core/src/network/MessageHandler.java,screen.MenuScr
CLIENT,core/src/network/MessageHandler.java,screen.MoneyScr
CLIENT,core/src/network/MessageHandler.java,screen.MoneyScrIOS
CLIENT,core/src/network/MessageHandler.java,screen.PrepareScr
CLIENT,core/src/network/MessageHandler.java,screen.QuangCao
CLIENT,core/src/network/MessageHandler.java,screen.RoomListScr2
CLIENT,core/src/network/MessageHandler.java,shop.ShopBietDoi
CLIENT,core/src/network/MessageHandler.java,shop.ShopEquipment
CLIENT,core/src/network/MessageHandler.java,shop.ShopItem
CLIENT,core/src/network/Session_ME.java,CLib.mSocket
CLIENT,core/src/network/Session_ME.java,CLib.mSystem
CLIENT,core/src/network/Session_ME.java,CLib.mVector
CLIENT,core/src/network/Session_ME.java,coreLG.CCanvas
CLIENT,core/src/network/Session_ME.java,java.io.DataInputStream
CLIENT,core/src/network/Session_ME.java,java.io.DataOutputStream
CLIENT,core/src/network/Session_ME.java,java.io.EOFException
CLIENT,core/src/network/Session_ME.java,java.io.IOException
CLIENT,core/src/network/Session_ME.java,java.net.SocketException
CLIENT,core/src/network/Session_ME.java,java.util.concurrent.ArrayBlockingQueue
CLIENT,core/src/network/Session_ME.java,java.util.concurrent.BlockingQueue
CLIENT,core/src/network/Session_ME.java,model.CRes
CLIENT,core/src/network/Session_ME.java,model.Language
CLIENT,core/src/player/Boss.java,CLib.Image
CLIENT,core/src/player/Boss.java,CLib.mGraphics
CLIENT,core/src/player/Boss.java,CLib.mImage
CLIENT,core/src/player/Boss.java,Equipment.PlayerEquip
CLIENT,core/src/player/Boss.java,coreLG.CCanvas
CLIENT,core/src/player/Boss.java,effect.Camera
CLIENT,core/src/player/Boss.java,effect.Explosion
CLIENT,core/src/player/Boss.java,java.util.Random
CLIENT,core/src/player/Boss.java,map.MM
CLIENT,core/src/player/Boss.java,model.CRes
CLIENT,core/src/player/Boss.java,model.CTime
CLIENT,core/src/player/Boss.java,network.MessageHandler
CLIENT,core/src/player/Boss.java,network.Session_ME
CLIENT,core/src/player/Boss.java,screen.GameScr
CLIENT,core/src/player/Boss.java,screen.PrepareScr
CLIENT,core/src/player/CPlayer.java,CLib.mGraphics
CLIENT,core/src/player/CPlayer.java,CLib.mImage
CLIENT,core/src/player/CPlayer.java,CLib.mSound
CLIENT,core/src/player/CPlayer.java,Equipment.PlayerEquip
CLIENT,core/src/player/CPlayer.java,coreLG.CCanvas
CLIENT,core/src/player/CPlayer.java,effect.Camera
CLIENT,core/src/player/CPlayer.java,effect.Explosion
CLIENT,core/src/player/CPlayer.java,effect.Smoke
CLIENT,core/src/player/CPlayer.java,item.BM
CLIENT,core/src/player/CPlayer.java,item.Bullet
CLIENT,core/src/player/CPlayer.java,map.Background
CLIENT,core/src/player/CPlayer.java,map.MM
CLIENT,core/src/player/CPlayer.java,model.CRes
CLIENT,core/src/player/CPlayer.java,model.FilePack
CLIENT,core/src/player/CPlayer.java,model.Font
CLIENT,core/src/player/CPlayer.java,model.FrameImage
CLIENT,core/src/player/CPlayer.java,model.Position
CLIENT,core/src/player/CPlayer.java,network.GameService
CLIENT,core/src/player/CPlayer.java,network.Session_ME
CLIENT,core/src/player/CPlayer.java,screen.CScreen
CLIENT,core/src/player/CPlayer.java,screen.GameScr
CLIENT,core/src/player/CPlayer.java,screen.PrepareScr
CLIENT,core/src/player/CPlayer.java,shop.ShopItem
CLIENT,core/src/player/PM.java,CLib.mGraphics
CLIENT,core/src/player/PM.java,coreLG.CCanvas
CLIENT,core/src/player/PM.java,coreLG.TerrainMidlet
CLIENT,core/src/player/PM.java,effect.Camera
CLIENT,core/src/player/PM.java,item.BM
CLIENT,core/src/player/PM.java,map.MM
CLIENT,core/src/player/PM.java,model.CRes
CLIENT,core/src/player/PM.java,model.PlayerInfo
CLIENT,core/src/player/PM.java,network.GameService
CLIENT,core/src/player/PM.java,screen.CScreen
CLIENT,core/src/player/PM.java,screen.GameScr
CLIENT,core/src/player/PM.java,screen.PrepareScr
CLIENT,core/src/screen/ArchivementScr.java,CLib.mGraphics
CLIENT,core/src/screen/ArchivementScr.java,CLib.mImage
CLIENT,core/src/screen/ArchivementScr.java,coreLG.CCanvas
CLIENT,core/src/screen/ArchivementScr.java,coreLG.TerrainMidlet
CLIENT,core/src/screen/ArchivementScr.java,model.Font
CLIENT,core/src/screen/ArchivementScr.java,model.IAction
CLIENT,core/src/screen/ArchivementScr.java,model.Language
CLIENT,core/src/screen/ArchivementScr.java,model.PlayerInfo
CLIENT,core/src/screen/ArchivementScr.java,network.Command
CLIENT,core/src/screen/BoardListScr.java,CLib.mGraphics
CLIENT,core/src/screen/BoardListScr.java,CLib.mImage
CLIENT,core/src/screen/BoardListScr.java,coreLG.CCanvas
CLIENT,core/src/screen/BoardListScr.java,effect.Cloud
CLIENT,core/src/screen/BoardListScr.java,java.util.Vector
CLIENT,core/src/screen/BoardListScr.java,model.BoardInfo
CLIENT,core/src/screen/BoardListScr.java,model.Font
CLIENT,core/src/screen/BoardListScr.java,model.IAction
CLIENT,core/src/screen/BoardListScr.java,model.Language
CLIENT,core/src/screen/BoardListScr.java,model.RoomInfo
CLIENT,core/src/screen/BoardListScr.java,network.Command
CLIENT,core/src/screen/BoardListScr.java,network.GameService
CLIENT,core/src/screen/ChangePlayerCSr.java,CLib.mGraphics
CLIENT,core/src/screen/ChangePlayerCSr.java,CLib.mImage
CLIENT,core/src/screen/ChangePlayerCSr.java,Equipment.Equip
CLIENT,core/src/screen/ChangePlayerCSr.java,Equipment.PlayerEquip
CLIENT,core/src/screen/ChangePlayerCSr.java,coreLG.CCanvas
CLIENT,core/src/screen/ChangePlayerCSr.java,coreLG.TerrainMidlet
CLIENT,core/src/screen/ChangePlayerCSr.java,effect.Cloud
CLIENT,core/src/screen/ChangePlayerCSr.java,item.Bullet
CLIENT,core/src/screen/ChangePlayerCSr.java,java.util.Vector
CLIENT,core/src/screen/ChangePlayerCSr.java,model.CRes
CLIENT,core/src/screen/ChangePlayerCSr.java,model.Font
CLIENT,core/src/screen/ChangePlayerCSr.java,model.IAction
CLIENT,core/src/screen/ChangePlayerCSr.java,model.Language
CLIENT,core/src/screen/ChangePlayerCSr.java,model.PlayerInfo
CLIENT,core/src/screen/ChangePlayerCSr.java,network.Command
CLIENT,core/src/screen/ChangePlayerCSr.java,network.GameService
CLIENT,core/src/screen/ClanScreen.java,CLib.mGraphics
CLIENT,core/src/screen/ClanScreen.java,coreLG.CCanvas
CLIENT,core/src/screen/ClanScreen.java,coreLG.TerrainMidlet
CLIENT,core/src/screen/ClanScreen.java,effect.Cloud
CLIENT,core/src/screen/ClanScreen.java,java.util.Vector
CLIENT,core/src/screen/ClanScreen.java,model.CRes
CLIENT,core/src/screen/ClanScreen.java,model.Clan
CLIENT,core/src/screen/ClanScreen.java,model.Font
CLIENT,core/src/screen/ClanScreen.java,model.IAction
CLIENT,core/src/screen/ClanScreen.java,model.Language
CLIENT,core/src/screen/ClanScreen.java,model.Position
CLIENT,core/src/screen/ClanScreen.java,network.Command
CLIENT,core/src/screen/ClanScreen.java,network.GameService
CLIENT,core/src/screen/ConfigScr.java,CLib.RMS
CLIENT,core/src/screen/ConfigScr.java,CLib.mGraphics
CLIENT,core/src/screen/ConfigScr.java,CLib.mImage
CLIENT,core/src/screen/ConfigScr.java,CLib.mSound
CLIENT,core/src/screen/ConfigScr.java,coreLG.CCanvas
CLIENT,core/src/screen/ConfigScr.java,effect.Cloud
CLIENT,core/src/screen/ConfigScr.java,map.CMap
CLIENT,core/src/screen/ConfigScr.java,model.CRes
CLIENT,core/src/screen/ConfigScr.java,model.Font
CLIENT,core/src/screen/ConfigScr.java,model.IAction
CLIENT,core/src/screen/ConfigScr.java,model.Language
CLIENT,core/src/screen/ConfigScr.java,network.Command
CLIENT,core/src/screen/CScreen.java,CLib.mGraphics
CLIENT,core/src/screen/CScreen.java,CLib.mImage
CLIENT,core/src/screen/CScreen.java,coreLG.CCanvas
CLIENT,core/src/screen/CScreen.java,map.Background
CLIENT,core/src/screen/CScreen.java,model.CRes
CLIENT,core/src/screen/CScreen.java,model.Font
CLIENT,core/src/screen/CScreen.java,model.IAction
CLIENT,core/src/screen/CScreen.java,network.Command
CLIENT,core/src/screen/EquipScreen.java,CLib.Image
CLIENT,core/src/screen/EquipScreen.java,CLib.mGraphics
CLIENT,core/src/screen/EquipScreen.java,CLib.mImage
CLIENT,core/src/screen/EquipScreen.java,Equipment.Equip
CLIENT,core/src/screen/EquipScreen.java,Equipment.PlayerEquip
CLIENT,core/src/screen/EquipScreen.java,coreLG.CCanvas
CLIENT,core/src/screen/EquipScreen.java,coreLG.TerrainMidlet
CLIENT,core/src/screen/EquipScreen.java,java.util.Vector
CLIENT,core/src/screen/EquipScreen.java,model.CRes
CLIENT,core/src/screen/EquipScreen.java,model.Font
CLIENT,core/src/screen/EquipScreen.java,model.IAction
CLIENT,core/src/screen/EquipScreen.java,model.Language
CLIENT,core/src/screen/EquipScreen.java,model.MaterialIconMn
CLIENT,core/src/screen/EquipScreen.java,model.PlayerInfo
CLIENT,core/src/screen/EquipScreen.java,model.Position
CLIENT,core/src/screen/EquipScreen.java,network.Command
CLIENT,core/src/screen/EquipScreen.java,network.GameService
CLIENT,core/src/screen/EquipScreen.java,player.CPlayer
CLIENT,core/src/screen/FomulaScreen.java,CLib.mGraphics
CLIENT,core/src/screen/FomulaScreen.java,coreLG.CCanvas
CLIENT,core/src/screen/FomulaScreen.java,java.util.Vector
CLIENT,core/src/screen/FomulaScreen.java,model.Fomula
CLIENT,core/src/screen/FomulaScreen.java,model.IAction
CLIENT,core/src/screen/FomulaScreen.java,model.Language
CLIENT,core/src/screen/FomulaScreen.java,network.Command
CLIENT,core/src/screen/FomulaScreen.java,network.GameService
CLIENT,core/src/screen/GameScr.java,CLib.Image
CLIENT,core/src/screen/GameScr.java,CLib.mGraphics
CLIENT,core/src/screen/GameScr.java,CLib.mImage
CLIENT,core/src/screen/GameScr.java,CLib.mSystem
CLIENT,core/src/screen/GameScr.java,Equipment.Equip
CLIENT,core/src/screen/GameScr.java,com.teamobi.mobiarmy2.GameMidlet
CLIENT,core/src/screen/GameScr.java,com.teamobi.mobiarmy2.MainGame
CLIENT,core/src/screen/GameScr.java,coreLG.CCanvas
CLIENT,core/src/screen/GameScr.java,coreLG.CONFIG
CLIENT,core/src/screen/GameScr.java,coreLG.TerrainMidlet
CLIENT,core/src/screen/GameScr.java,effect.Camera
CLIENT,core/src/screen/GameScr.java,effect.Effect
CLIENT,core/src/screen/GameScr.java,effect.Explosion
CLIENT,core/src/screen/GameScr.java,effect.GiftEffect
CLIENT,core/src/screen/GameScr.java,effect.SmokeManager
CLIENT,core/src/screen/GameScr.java,effect.Snow
CLIENT,core/src/screen/GameScr.java,item.BM
CLIENT,core/src/screen/GameScr.java,item.Bullet
CLIENT,core/src/screen/GameScr.java,item.Item
CLIENT,core/src/screen/GameScr.java,java.util.Vector
CLIENT,core/src/screen/GameScr.java,map.Background
CLIENT,core/src/screen/GameScr.java,map.MM
CLIENT,core/src/screen/GameScr.java,model.CRes
CLIENT,core/src/screen/GameScr.java,model.CTime
CLIENT,core/src/screen/GameScr.java,model.ChatPopup
CLIENT,core/src/screen/GameScr.java,model.FilePack
CLIENT,core/src/screen/GameScr.java,model.Font
CLIENT,core/src/screen/GameScr.java,model.FrameImage
CLIENT,core/src/screen/GameScr.java,model.IAction
CLIENT,core/src/screen/GameScr.java,model.IAction2
CLIENT,core/src/screen/GameScr.java,model.Language
CLIENT,core/src/screen/GameScr.java,model.TField
CLIENT,core/src/screen/GameScr.java,model.TimeBomb
CLIENT,core/src/screen/GameScr.java,network.Command
CLIENT,core/src/screen/GameScr.java,network.GameService
CLIENT,core/src/screen/GameScr.java,network.Session_ME
CLIENT,core/src/screen/GameScr.java,player.Boss
CLIENT,core/src/screen/GameScr.java,player.CPlayer
CLIENT,core/src/screen/GameScr.java,player.PM
CLIENT,core/src/screen/Inventory.java,CLib.mGraphics
CLIENT,core/src/screen/Inventory.java,Equipment.Equip
CLIENT,core/src/screen/Inventory.java,coreLG.CCanvas
CLIENT,core/src/screen/Inventory.java,coreLG.TerrainMidlet
CLIENT,core/src/screen/Inventory.java,java.util.Vector
CLIENT,core/src/screen/Inventory.java,model.CRes
CLIENT,core/src/screen/Inventory.java,model.Font
CLIENT,core/src/screen/Inventory.java,model.IAction
CLIENT,core/src/screen/Inventory.java,model.Language
CLIENT,core/src/screen/Inventory.java,model.PlayerInfo
CLIENT,core/src/screen/Inventory.java,model.Position
CLIENT,core/src/screen/Inventory.java,network.Command
CLIENT,core/src/screen/Inventory.java,network.GameService
CLIENT,core/src/screen/LevelScreen.java,CLib.mGraphics
CLIENT,core/src/screen/LevelScreen.java,CLib.mImage
CLIENT,core/src/screen/LevelScreen.java,coreLG.CCanvas
CLIENT,core/src/screen/LevelScreen.java,coreLG.TerrainMidlet
CLIENT,core/src/screen/LevelScreen.java,model.CRes
CLIENT,core/src/screen/LevelScreen.java,model.Font
CLIENT,core/src/screen/LevelScreen.java,model.IAction
CLIENT,core/src/screen/LevelScreen.java,model.Language
CLIENT,core/src/screen/LevelScreen.java,model.PlayerInfo
CLIENT,core/src/screen/LevelScreen.java,network.Command
CLIENT,core/src/screen/LevelScreen.java,network.GameService
CLIENT,core/src/screen/ListScr.java,CLib.Image
CLIENT,core/src/screen/ListScr.java,CLib.mGraphics
CLIENT,core/src/screen/ListScr.java,CLib.mImage
CLIENT,core/src/screen/ListScr.java,com.teamobi.mobiarmy2.GameMidlet
CLIENT,core/src/screen/ListScr.java,coreLG.CCanvas
CLIENT,core/src/screen/ListScr.java,effect.Cloud
CLIENT,core/src/screen/ListScr.java,java.util.Vector
CLIENT,core/src/screen/ListScr.java,model.Font
CLIENT,core/src/screen/ListScr.java,model.IAction
CLIENT,core/src/screen/ListScr.java,model.Language
CLIENT,core/src/screen/ListScr.java,model.PlayerInfo
CLIENT,core/src/screen/ListScr.java,network.Command
CLIENT,core/src/screen/ListScr.java,network.GameService
CLIENT,core/src/screen/ListScr.java,player.CPlayer
CLIENT,core/src/screen/LoginScr.java,CLib.RMS
CLIENT,core/src/screen/LoginScr.java,CLib.mGraphics
CLIENT,core/src/screen/LoginScr.java,CLib.mImage
CLIENT,core/src/screen/LoginScr.java,CLib.mSound
CLIENT,core/src/screen/LoginScr.java,CLib.mSystem
CLIENT,core/src/screen/LoginScr.java,com.badlogic.gdx.Gdx
CLIENT,core/src/screen/LoginScr.java,com.teamobi.mobiarmy2.GameMidlet
CLIENT,core/src/screen/LoginScr.java,coreLG.CCanvas
CLIENT,core/src/screen/LoginScr.java,coreLG.CONFIG
CLIENT,core/src/screen/LoginScr.java,coreLG.TerrainMidlet
CLIENT,core/src/screen/LoginScr.java,effect.Cloud
CLIENT,core/src/screen/LoginScr.java,effect.Explosion
CLIENT,core/src/screen/LoginScr.java,effect.SmokeManager
CLIENT,core/src/screen/LoginScr.java,item.Bullet
CLIENT,core/src/screen/LoginScr.java,java.util.Vector
CLIENT,core/src/screen/LoginScr.java,map.Background
CLIENT,core/src/screen/LoginScr.java,map.CMap
CLIENT,core/src/screen/LoginScr.java,map.MM
CLIENT,core/src/screen/LoginScr.java,model.CRes
CLIENT,core/src/screen/LoginScr.java,model.FilePack
CLIENT,core/src/screen/LoginScr.java,model.Font
CLIENT,core/src/screen/LoginScr.java,model.GetString
CLIENT,core/src/screen/LoginScr.java,model.IAction
CLIENT,core/src/screen/LoginScr.java,model.Language
CLIENT,core/src/screen/LoginScr.java,model.TField
CLIENT,core/src/screen/LoginScr.java,network.Command
CLIENT,core/src/screen/LoginScr.java,network.GameLogicHandler
CLIENT,core/src/screen/LoginScr.java,network.GameService
CLIENT,core/src/screen/LoginScr.java,network.Session_ME
CLIENT,core/src/screen/LuckyGame.java,CLib.Image
CLIENT,core/src/screen/LuckyGame.java,CLib.mGraphics
CLIENT,core/src/screen/LuckyGame.java,CLib.mImage
CLIENT,core/src/screen/LuckyGame.java,coreLG.CCanvas
CLIENT,core/src/screen/LuckyGame.java,coreLG.TerrainMidlet
CLIENT,core/src/screen/LuckyGame.java,item.Item
CLIENT,core/src/screen/LuckyGame.java,java.util.Vector
CLIENT,core/src/screen/LuckyGame.java,model.CRes
CLIENT,core/src/screen/LuckyGame.java,model.Font
CLIENT,core/src/screen/LuckyGame.java,model.FrameImage
CLIENT,core/src/screen/LuckyGame.java,model.IAction
CLIENT,core/src/screen/LuckyGame.java,model.IAction2
CLIENT,core/src/screen/LuckyGame.java,model.Language
CLIENT,core/src/screen/LuckyGame.java,network.Command
CLIENT,core/src/screen/LuckyGame.java,network.GameService
CLIENT,core/src/screen/LuckyGame.java,network.Session_ME
CLIENT,core/src/screen/LuckyGifrScreen.java,CLib.mGraphics
CLIENT,core/src/screen/LuckyGifrScreen.java,coreLG.CCanvas
CLIENT,core/src/screen/LuckyGifrScreen.java,coreLG.TerrainMidlet
CLIENT,core/src/screen/LuckyGifrScreen.java,effect.Explosion
CLIENT,core/src/screen/LuckyGifrScreen.java,java.util.Vector
CLIENT,core/src/screen/LuckyGifrScreen.java,model.CTime
CLIENT,core/src/screen/LuckyGifrScreen.java,model.Font
CLIENT,core/src/screen/LuckyGifrScreen.java,model.IAction
CLIENT,core/src/screen/LuckyGifrScreen.java,model.Language
CLIENT,core/src/screen/LuckyGifrScreen.java,model.LuckyGift
CLIENT,core/src/screen/LuckyGifrScreen.java,model.PlayerInfo
CLIENT,core/src/screen/LuckyGifrScreen.java,network.Command
CLIENT,core/src/screen/LuckyGifrScreen.java,network.GameService
CLIENT,core/src/screen/LuckyGifrScreen.java,player.Boss
CLIENT,core/src/screen/MenuScr.java,CLib.mGraphics
CLIENT,core/src/screen/MenuScr.java,CLib.mSystem
CLIENT,core/src/screen/MenuScr.java,Equipment.PlayerEquip
CLIENT,core/src/screen/MenuScr.java,com.teamobi.mobiarmy2.GameMidlet
CLIENT,core/src/screen/MenuScr.java,com.teamobi.mobiarmy2.MainGame
CLIENT,core/src/screen/MenuScr.java,coreLG.CCanvas
CLIENT,core/src/screen/MenuScr.java,coreLG.TerrainMidlet
CLIENT,core/src/screen/MenuScr.java,effect.Camera
CLIENT,core/src/screen/MenuScr.java,effect.Cloud
CLIENT,core/src/screen/MenuScr.java,java.util.Vector
CLIENT,core/src/screen/MenuScr.java,map.Background
CLIENT,core/src/screen/MenuScr.java,model.CRes
CLIENT,core/src/screen/MenuScr.java,model.Font
CLIENT,core/src/screen/MenuScr.java,model.IAction
CLIENT,core/src/screen/MenuScr.java,model.Language
CLIENT,core/src/screen/MenuScr.java,model.PlayerInfo
CLIENT,core/src/screen/MenuScr.java,model.Position
CLIENT,core/src/screen/MenuScr.java,network.Command
CLIENT,core/src/screen/MenuScr.java,network.GameService
CLIENT,core/src/screen/MenuScr.java,player.CPlayer
CLIENT,core/src/screen/MenuScr.java,player.PM
CLIENT,core/src/screen/MenuScr.java,shop.ShopEquipment
CLIENT,core/src/screen/MenuScr.java,shop.ShopItem
CLIENT,core/src/screen/MissionScreen.java,CLib.mGraphics
CLIENT,core/src/screen/MissionScreen.java,coreLG.CCanvas
CLIENT,core/src/screen/MissionScreen.java,effect.Cloud
CLIENT,core/src/screen/MissionScreen.java,java.util.Vector
CLIENT,core/src/screen/MissionScreen.java,model.Font
CLIENT,core/src/screen/MissionScreen.java,model.IAction
CLIENT,core/src/screen/MissionScreen.java,model.Language
CLIENT,core/src/screen/MissionScreen.java,model.Mission
CLIENT,core/src/screen/MissionScreen.java,network.Command
CLIENT,core/src/screen/MissionScreen.java,network.GameService
CLIENT,core/src/screen/MoneyScr.java,CLib.mGraphics
CLIENT,core/src/screen/MoneyScr.java,CLib.mImage
CLIENT,core/src/screen/MoneyScr.java,CLib.mSystem
CLIENT,core/src/screen/MoneyScr.java,coreLG.CCanvas
CLIENT,core/src/screen/MoneyScr.java,coreLG.TerrainMidlet
CLIENT,core/src/screen/MoneyScr.java,effect.Cloud
CLIENT,core/src/screen/MoneyScr.java,java.util.Vector
CLIENT,core/src/screen/MoneyScr.java,javax.microedition.midlet.MIDlet
CLIENT,core/src/screen/MoneyScr.java,model.AvatarInfo
CLIENT,core/src/screen/MoneyScr.java,model.CRes
CLIENT,core/src/screen/MoneyScr.java,model.Font
CLIENT,core/src/screen/MoneyScr.java,model.IAction
CLIENT,core/src/screen/MoneyScr.java,model.Language
CLIENT,core/src/screen/MoneyScr.java,model.MoneyInfo
CLIENT,core/src/screen/MoneyScr.java,network.Command
CLIENT,core/src/screen/MoneyScr.java,network.GameService
CLIENT,core/src/screen/MoneyScrIOS.java,CLib.mGraphics
CLIENT,core/src/screen/MoneyScrIOS.java,CLib.mImage
CLIENT,core/src/screen/MoneyScrIOS.java,CLib.mSystem
CLIENT,core/src/screen/MoneyScrIOS.java,InApp.MainActivity
CLIENT,core/src/screen/MoneyScrIOS.java,coreLG.CCanvas
CLIENT,core/src/screen/MoneyScrIOS.java,effect.Cloud
CLIENT,core/src/screen/MoneyScrIOS.java,java.util.Vector
CLIENT,core/src/screen/MoneyScrIOS.java,model.AvatarInfo
CLIENT,core/src/screen/MoneyScrIOS.java,model.CRes
CLIENT,core/src/screen/MoneyScrIOS.java,model.Font
CLIENT,core/src/screen/MoneyScrIOS.java,model.IAction
CLIENT,core/src/screen/MoneyScrIOS.java,model.Language
CLIENT,core/src/screen/MoneyScrIOS.java,model.MoneyInfo
CLIENT,core/src/screen/MoneyScrIOS.java,network.Command
CLIENT,core/src/screen/MsgScreen.java,CLib.Image
CLIENT,core/src/screen/MsgScreen.java,CLib.mGraphics
CLIENT,core/src/screen/MsgScreen.java,coreLG.CCanvas
CLIENT,core/src/screen/MsgScreen.java,coreLG.TerrainMidlet
CLIENT,core/src/screen/MsgScreen.java,java.util.Vector
CLIENT,core/src/screen/MsgScreen.java,model.Font
CLIENT,core/src/screen/MsgScreen.java,model.IAction
CLIENT,core/src/screen/MsgScreen.java,model.Language
CLIENT,core/src/screen/MsgScreen.java,model.MsgInfo
CLIENT,core/src/screen/MsgScreen.java,model.MsgPopup
CLIENT,core/src/screen/MsgScreen.java,network.Command
CLIENT,core/src/screen/MsgScreen.java,network.GameService
CLIENT,core/src/screen/PrepareScr.java,CLib.mGraphics
CLIENT,core/src/screen/PrepareScr.java,CLib.mImage
CLIENT,core/src/screen/PrepareScr.java,Equipment.PlayerEquip
CLIENT,core/src/screen/PrepareScr.java,coreLG.CCanvas
CLIENT,core/src/screen/PrepareScr.java,coreLG.CONFIG
CLIENT,core/src/screen/PrepareScr.java,coreLG.TerrainMidlet
CLIENT,core/src/screen/PrepareScr.java,effect.Cloud
CLIENT,core/src/screen/PrepareScr.java,item.Bullet
CLIENT,core/src/screen/PrepareScr.java,item.Item
CLIENT,core/src/screen/PrepareScr.java,item.MyItemIcon
CLIENT,core/src/screen/PrepareScr.java,java.util.Vector
CLIENT,core/src/screen/PrepareScr.java,map.MM
CLIENT,core/src/screen/PrepareScr.java,model.CRes
CLIENT,core/src/screen/PrepareScr.java,model.ChatPopup
CLIENT,core/src/screen/PrepareScr.java,model.FilePack
CLIENT,core/src/screen/PrepareScr.java,model.Font
CLIENT,core/src/screen/PrepareScr.java,model.IAction
CLIENT,core/src/screen/PrepareScr.java,model.Language
CLIENT,core/src/screen/PrepareScr.java,model.PlayerInfo
CLIENT,core/src/screen/PrepareScr.java,model.TField
CLIENT,core/src/screen/PrepareScr.java,network.Command
CLIENT,core/src/screen/PrepareScr.java,network.GameService
CLIENT,core/src/screen/PrepareScr.java,player.CPlayer
CLIENT,core/src/screen/PrepareScr.java,shop.ShopItem
CLIENT,core/src/screen/QuangCao.java,CLib.mGraphics
CLIENT,core/src/screen/QuangCao.java,coreLG.CCanvas
CLIENT,core/src/screen/QuangCao.java,model.Font
CLIENT,core/src/screen/QuangCao.java,model.IAction
CLIENT,core/src/screen/QuangCao.java,model.Language
CLIENT,core/src/screen/QuangCao.java,network.Command
CLIENT,core/src/screen/RoomListScr.java,CLib.mGraphics
CLIENT,core/src/screen/RoomListScr.java,CLib.mImage
CLIENT,core/src/screen/RoomListScr.java,com.teamobi.mobiarmy2.MainGame
CLIENT,core/src/screen/RoomListScr.java,coreLG.CCanvas
CLIENT,core/src/screen/RoomListScr.java,java.util.Vector
CLIENT,core/src/screen/RoomListScr.java,map.MM
CLIENT,core/src/screen/RoomListScr.java,model.Font
CLIENT,core/src/screen/RoomListScr.java,model.IAction
CLIENT,core/src/screen/RoomListScr.java,model.Language
CLIENT,core/src/screen/RoomListScr.java,network.Command
CLIENT,core/src/screen/RoomListScr.java,network.GameService
CLIENT,core/src/screen/RoomListScr2.java,CLib.mGraphics
CLIENT,core/src/screen/RoomListScr2.java,CLib.mImage
CLIENT,core/src/screen/RoomListScr2.java,CLib.mSystem
CLIENT,core/src/screen/RoomListScr2.java,com.teamobi.mobiarmy2.MainGame
CLIENT,core/src/screen/RoomListScr2.java,coreLG.CCanvas
CLIENT,core/src/screen/RoomListScr2.java,effect.Cloud
CLIENT,core/src/screen/RoomListScr2.java,java.util.Vector
CLIENT,core/src/screen/RoomListScr2.java,model.CRes
CLIENT,core/src/screen/RoomListScr2.java,model.Font
CLIENT,core/src/screen/RoomListScr2.java,model.IAction
CLIENT,core/src/screen/RoomListScr2.java,model.Language
CLIENT,core/src/screen/RoomListScr2.java,model.RoomInfo
CLIENT,core/src/screen/RoomListScr2.java,network.Command
CLIENT,core/src/screen/RoomListScr2.java,network.GameService
CLIENT,core/src/screen/ServerListScreen.java,CLib.mGraphics
CLIENT,core/src/screen/ServerListScreen.java,com.badlogic.gdx.Gdx
CLIENT,core/src/screen/ServerListScreen.java,com.teamobi.mobiarmy2.GameMidlet
CLIENT,core/src/screen/ServerListScreen.java,coreLG.CCanvas
CLIENT,core/src/screen/ServerListScreen.java,model.CRes
CLIENT,core/src/screen/ServerListScreen.java,model.Font
CLIENT,core/src/screen/ServerListScreen.java,model.GetString
CLIENT,core/src/screen/ServerListScreen.java,model.IAction
CLIENT,core/src/screen/ServerListScreen.java,model.Language
CLIENT,core/src/screen/ServerListScreen.java,network.Command
CLIENT,core/src/screen/ServerListScreen.java,network.GameService
CLIENT,core/src/screen/ServerListScreen.java,network.Session_ME
CLIENT,core/src/screen/SplashScr.java,CLib.mGraphics
CLIENT,core/src/screen/SplashScr.java,coreLG.CCanvas
CLIENT,core/src/screen/SplashScr.java,map.Background
CLIENT,core/src/screen/TabScreen.java,CLib.mGraphics
CLIENT,core/src/screen/TabScreen.java,coreLG.CCanvas
CLIENT,core/src/shop/ShopBietDoi.java,CLib.mGraphics
CLIENT,core/src/shop/ShopBietDoi.java,CLib.mSystem
CLIENT,core/src/shop/ShopBietDoi.java,coreLG.CCanvas
CLIENT,core/src/shop/ShopBietDoi.java,effect.Cloud
CLIENT,core/src/shop/ShopBietDoi.java,java.util.Vector
CLIENT,core/src/shop/ShopBietDoi.java,model.ClanItem
CLIENT,core/src/shop/ShopBietDoi.java,model.Font
CLIENT,core/src/shop/ShopBietDoi.java,model.IAction
CLIENT,core/src/shop/ShopBietDoi.java,model.Language
CLIENT,core/src/shop/ShopBietDoi.java,network.Command
CLIENT,core/src/shop/ShopBietDoi.java,network.GameService
CLIENT,core/src/shop/ShopBietDoi.java,screen.CScreen
CLIENT,core/src/shop/ShopBietDoi.java,screen.PrepareScr
CLIENT,core/src/shop/ShopEquipment.java,CLib.mGraphics
CLIENT,core/src/shop/ShopEquipment.java,Equipment.Equip
CLIENT,core/src/shop/ShopEquipment.java,coreLG.CCanvas
CLIENT,core/src/shop/ShopEquipment.java,coreLG.TerrainMidlet
CLIENT,core/src/shop/ShopEquipment.java,java.util.Vector
CLIENT,core/src/shop/ShopEquipment.java,model.CRes
CLIENT,core/src/shop/ShopEquipment.java,model.Font
CLIENT,core/src/shop/ShopEquipment.java,model.IAction
CLIENT,core/src/shop/ShopEquipment.java,model.Language
CLIENT,core/src/shop/ShopEquipment.java,model.PlayerInfo
CLIENT,core/src/shop/ShopEquipment.java,model.Position
CLIENT,core/src/shop/ShopEquipment.java,network.Command
CLIENT,core/src/shop/ShopEquipment.java,network.GameService
CLIENT,core/src/shop/ShopEquipment.java,screen.CScreen
CLIENT,core/src/shop/ShopEquipment.java,screen.GameScr
CLIENT,core/src/shop/ShopEquipment.java,screen.TabScreen
CLIENT,core/src/shop/ShopItem.java,CLib.mGraphics
CLIENT,core/src/shop/ShopItem.java,coreLG.CCanvas
CLIENT,core/src/shop/ShopItem.java,coreLG.TerrainMidlet
CLIENT,core/src/shop/ShopItem.java,item.Item
CLIENT,core/src/shop/ShopItem.java,item.MyItemIcon
CLIENT,core/src/shop/ShopItem.java,java.util.Vector
CLIENT,core/src/shop/ShopItem.java,model.CRes
CLIENT,core/src/shop/ShopItem.java,model.Font
CLIENT,core/src/shop/ShopItem.java,model.IAction
CLIENT,core/src/shop/ShopItem.java,model.Language
CLIENT,core/src/shop/ShopItem.java,model.PlayerInfo
CLIENT,core/src/shop/ShopItem.java,network.Command
CLIENT,core/src/shop/ShopItem.java,network.GameService
CLIENT,core/src/shop/ShopItem.java,screen.CScreen
CLIENT,core/src/shop/ShopItem.java,screen.PrepareScr
CLIENT,core/src/shop/ShopItem.java,screen.TabScreen
CLIENT,core/src/shop/ShopLinhTinh.java,CLib.Image
CLIENT,core/src/shop/ShopLinhTinh.java,CLib.mGraphics
CLIENT,core/src/shop/ShopLinhTinh.java,CLib.mImage
CLIENT,core/src/shop/ShopLinhTinh.java,Equipment.Equip
CLIENT,core/src/shop/ShopLinhTinh.java,coreLG.CCanvas
CLIENT,core/src/shop/ShopLinhTinh.java,coreLG.TerrainMidlet
CLIENT,core/src/shop/ShopLinhTinh.java,java.util.Vector
CLIENT,core/src/shop/ShopLinhTinh.java,model.CRes
CLIENT,core/src/shop/ShopLinhTinh.java,model.Font
CLIENT,core/src/shop/ShopLinhTinh.java,model.IAction
CLIENT,core/src/shop/ShopLinhTinh.java,model.Language
CLIENT,core/src/shop/ShopLinhTinh.java,model.PlayerInfo
CLIENT,core/src/shop/ShopLinhTinh.java,model.Position
CLIENT,core/src/shop/ShopLinhTinh.java,network.Command
CLIENT,core/src/shop/ShopLinhTinh.java,network.GameService
CLIENT,core/src/shop/ShopLinhTinh.java,screen.CScreen
CLIENT,core/src/shop/ShopLinhTinh.java,screen.PrepareScr
CLIENT,core/src/shop/ShopLinhTinh.java,screen.TabScreen
CLIENT,desktop/src/com/mygdx/game/DesktopLauncher.java,com.badlogic.gdx.backends.lwjgl3.Lwjgl3Application
CLIENT,desktop/src/com/mygdx/game/DesktopLauncher.java,com.badlogic.gdx.backends.lwjgl3.Lwjgl3ApplicationConfiguration
CLIENT,desktop/src/com/mygdx/game/DesktopLauncher.java,com.teamobi.mobiarmy2.MainGame
CLIENT,ios/src/com/mygdx/game/IOSLauncher.java,com.teamobi.mobiarmy2.MainGame
CLIENT,ios/src/com/mygdx/game/IOSLauncher.java,org.robovm.apple.foundation.NSAutoreleasePool
CLIENT,ios/src/com/mygdx/game/IOSLauncher.java,org.robovm.apple.uikit.UIApplication
CLIENT,ios/src/com/mygdx/game/IOSLauncher.java,com.badlogic.gdx.backends.iosrobovm.IOSApplication
CLIENT,ios/src/com/mygdx/game/IOSLauncher.java,com.badlogic.gdx.backends.iosrobovm.IOSApplicationConfiguration
SERVER,src/mobiarmy/Cache.java,com.google.gson.Gson
SERVER,src/mobiarmy/Cache.java,java.io.ByteArrayInputStream
SERVER,src/mobiarmy/Cache.java,java.io.DataInputStream
SERVER,src/mobiarmy/Cache.java,java.util.ArrayList
SERVER,src/mobiarmy/Cache.java,java.util.HashMap
SERVER,src/mobiarmy/Cache.java,mobiarmy.server.DBManager
SERVER,src/mobiarmy/Cache.java,mobiarmy.server.GameData
SERVER,src/mobiarmy/io/Message.java,java.io.ByteArrayInputStream
SERVER,src/mobiarmy/io/Message.java,java.io.ByteArrayOutputStream
SERVER,src/mobiarmy/io/Message.java,java.io.DataInputStream
SERVER,src/mobiarmy/io/Message.java,java.io.DataOutputStream
SERVER,src/mobiarmy/io/Write.java,java.io.ByteArrayOutputStream
SERVER,src/mobiarmy/io/Write.java,java.io.DataOutputStream
SERVER,src/mobiarmy/MobiArmy.java,java.awt.event.ActionEvent
SERVER,src/mobiarmy/MobiArmy.java,mobiarmy.server.Server
SERVER,src/mobiarmy/server/Bot.java,java.util.ArrayList
SERVER,src/mobiarmy/server/Bot.java,java.util.HashMap
SERVER,src/mobiarmy/server/Bot.java,mobiarmy.Util
SERVER,src/mobiarmy/server/Bot.java,mobiarmy.war.Boss.bullet.BulletTrajectory
SERVER,src/mobiarmy/server/Bot.java,mobiarmy.war.PathSimulator
SERVER,src/mobiarmy/server/Bot.java,mobiarmy.war.Player
SERVER,src/mobiarmy/server/Bot.java,mobiarmy.war.RoomInfo
SERVER,src/mobiarmy/server/Bot.java,mobiarmy.war.RoomWait
SERVER,src/mobiarmy/server/Caption.java,java.sql.SQLException
SERVER,src/mobiarmy/server/Caption.java,java.util.ArrayList
SERVER,src/mobiarmy/server/Confirm.java,mobiarmy.Util
SERVER,src/mobiarmy/server/ControlHandler.java,java.io.IOException
SERVER,src/mobiarmy/server/ControlHandler.java,java.sql.SQLException
SERVER,src/mobiarmy/server/ControlHandler.java,java.util.ArrayList
SERVER,src/mobiarmy/server/ControlHandler.java,java.util.HashSet
SERVER,src/mobiarmy/server/ControlHandler.java,mobiarmy.Util
SERVER,src/mobiarmy/server/ControlHandler.java,mobiarmy.io.Message
SERVER,src/mobiarmy/server/ControlHandler.java,mobiarmy.server.DBManager.DataRow
SERVER,src/mobiarmy/server/ControlHandler.java,org.mindrot.jbcrypt.BCrypt
SERVER,src/mobiarmy/server/DBManager.java,com.zaxxer.hikari.HikariConfig
SERVER,src/mobiarmy/server/DBManager.java,com.zaxxer.hikari.HikariDataSource
SERVER,src/mobiarmy/server/DBManager.java,java.sql.Connection
SERVER,src/mobiarmy/server/DBManager.java,java.sql.PreparedStatement
SERVER,src/mobiarmy/server/DBManager.java,java.sql.ResultSet
SERVER,src/mobiarmy/server/DBManager.java,java.sql.ResultSetMetaData
SERVER,src/mobiarmy/server/DBManager.java,java.sql.SQLException
SERVER,src/mobiarmy/server/DBManager.java,java.sql.Statement
SERVER,src/mobiarmy/server/DBManager.java,java.util.ArrayList
SERVER,src/mobiarmy/server/DBManager.java,java.util.HashMap
SERVER,src/mobiarmy/server/Equip.java,com.google.gson.Gson
SERVER,src/mobiarmy/server/Equip.java,java.sql.SQLException
SERVER,src/mobiarmy/server/Equip.java,java.util.ArrayList
SERVER,src/mobiarmy/server/Equip.java,java.util.HashMap
SERVER,src/mobiarmy/server/Exp.java,java.sql.SQLException
SERVER,src/mobiarmy/server/Exp.java,java.util.ArrayList
SERVER,src/mobiarmy/server/GameData.java,java.awt.image.BufferedImage
SERVER,src/mobiarmy/server/GameData.java,java.io.File
SERVER,src/mobiarmy/server/GameData.java,java.io.FileInputStream
SERVER,src/mobiarmy/server/GameData.java,java.io.IOException
SERVER,src/mobiarmy/server/GameData.java,java.io.ByteArrayOutputStream
SERVER,src/mobiarmy/server/GameData.java,java.util.HashMap
SERVER,src/mobiarmy/server/GameData.java,javax.imageio.ImageIO
SERVER,src/mobiarmy/server/Glass.java,com.google.gson.Gson
SERVER,src/mobiarmy/server/Glass.java,java.sql.SQLException
SERVER,src/mobiarmy/server/Glass.java,java.util.ArrayList
SERVER,src/mobiarmy/server/Item.java,java.sql.SQLException
SERVER,src/mobiarmy/server/Item.java,java.util.ArrayList
SERVER,src/mobiarmy/server/LinhTinh.java,com.google.gson.Gson
SERVER,src/mobiarmy/server/LinhTinh.java,java.sql.SQLException
SERVER,src/mobiarmy/server/LinhTinh.java,java.util.ArrayList
SERVER,src/mobiarmy/server/Map.java,com.google.gson.Gson
SERVER,src/mobiarmy/server/Map.java,java.sql.SQLException
SERVER,src/mobiarmy/server/Map.java,java.util.ArrayList
SERVER,src/mobiarmy/server/MapBoss.java,java.sql.SQLException
SERVER,src/mobiarmy/server/MapBoss.java,java.util.ArrayList
SERVER,src/mobiarmy/server/MessageHandler.java,java.io.DataInputStream
SERVER,src/mobiarmy/server/MessageHandler.java,java.io.DataOutputStream
SERVER,src/mobiarmy/server/MessageHandler.java,java.io.IOException
SERVER,src/mobiarmy/server/MessageHandler.java,java.util.ArrayList
SERVER,src/mobiarmy/server/MessageHandler.java,java.util.List
SERVER,src/mobiarmy/server/MessageHandler.java,java.util.concurrent.TimeUnit
SERVER,src/mobiarmy/server/MessageHandler.java,mobiarmy.io.Message
SERVER,src/mobiarmy/server/Mission.java,java.sql.SQLException
SERVER,src/mobiarmy/server/Mission.java,java.util.ArrayList
SERVER,src/mobiarmy/server/Pack.java,java.io.ByteArrayOutputStream
SERVER,src/mobiarmy/server/Pack.java,java.io.DataOutputStream
SERVER,src/mobiarmy/server/Pack.java,java.io.IOException
SERVER,src/mobiarmy/server/Pack.java,java.util.ArrayList
SERVER,src/mobiarmy/server/Select.java,java.util.ArrayList
SERVER,src/mobiarmy/server/Server.java,java.io.IOException
SERVER,src/mobiarmy/server/Server.java,java.net.ServerSocket
SERVER,src/mobiarmy/server/Server.java,java.sql.SQLException
SERVER,src/mobiarmy/server/Server.java,java.util.ArrayList
SERVER,src/mobiarmy/server/Server.java,java.util.concurrent.TimeUnit
SERVER,src/mobiarmy/server/Server.java,mobiarmy.io.Message
SERVER,src/mobiarmy/server/Server.java,mobiarmy.war.MapData
SERVER,src/mobiarmy/server/Server.java,mobiarmy.war.Player
SERVER,src/mobiarmy/server/Server.java,mobiarmy.war.Room
SERVER,src/mobiarmy/server/Server.java,mobiarmy.war.RoomInfo
SERVER,src/mobiarmy/server/Session.java,java.io.IOException
SERVER,src/mobiarmy/server/Session.java,java.net.Socket
SERVER,src/mobiarmy/server/Session.java,java.util.concurrent.TimeUnit
SERVER,src/mobiarmy/server/Session.java,mobiarmy.io.Message
SERVER,src/mobiarmy/server/SessionHandler.java,java.io.IOException
SERVER,src/mobiarmy/server/SessionHandler.java,java.util.ArrayList
SERVER,src/mobiarmy/server/SessionHandler.java,mobiarmy.Util
SERVER,src/mobiarmy/server/SessionHandler.java,mobiarmy.io.Message
SERVER,src/mobiarmy/server/SessionHandler.java,mobiarmy.io.Write
SERVER,src/mobiarmy/server/SessionManager.java,com.google.gson.Gson
SERVER,src/mobiarmy/server/SessionManager.java,java.sql.SQLException
SERVER,src/mobiarmy/server/SessionManager.java,java.util.ArrayList
SERVER,src/mobiarmy/server/SessionManager.java,java.util.HashMap
SERVER,src/mobiarmy/server/ShopEquipment.java,com.google.gson.Gson
SERVER,src/mobiarmy/server/ShopEquipment.java,java.sql.SQLException
SERVER,src/mobiarmy/server/ShopEquipment.java,java.util.ArrayList
SERVER,src/mobiarmy/server/ShopLinhTinh.java,java.sql.SQLException
SERVER,src/mobiarmy/server/ShopLinhTinh.java,java.util.ArrayList
SERVER,src/mobiarmy/server/User.java,java.util.ArrayList
SERVER,src/mobiarmy/server/User.java,java.util.Collections
SERVER,src/mobiarmy/server/User.java,java.util.HashMap
SERVER,src/mobiarmy/server/User.java,mobiarmy.Util
SERVER,src/mobiarmy/server/User.java,mobiarmy.war.RoomInfo
SERVER,src/mobiarmy/server/User.java,mobiarmy.war.RoomWait
SERVER,src/mobiarmy/Test.java,java.awt.image.BufferedImage
SERVER,src/mobiarmy/Test.java,java.io.File
SERVER,src/mobiarmy/Test.java,java.io.IOException
SERVER,src/mobiarmy/Test.java,javax.imageio.ImageIO
SERVER,src/mobiarmy/Test.java,mobiarmy.server.GameData
SERVER,src/mobiarmy/Util.java,java.util.concurrent.ThreadLocalRandom
SERVER,src/mobiarmy/war/Boss/BigBoom.java,mobiarmy.Util
SERVER,src/mobiarmy/war/Boss/BigBoom.java,mobiarmy.war.Boss.bullet.BulletTrajectory
SERVER,src/mobiarmy/war/Boss/BigBoom.java,mobiarmy.war.Player
SERVER,src/mobiarmy/war/Boss/BigBoom.java,mobiarmy.war.Room
SERVER,src/mobiarmy/war/Boss/Boss.java,java.util.ArrayList
SERVER,src/mobiarmy/war/Boss/Boss.java,mobiarmy.war.Player
SERVER,src/mobiarmy/war/Boss/bullet/AddBoomBullet.java,mobiarmy.war.Gun
SERVER,src/mobiarmy/war/Boss/bullet/ApacheBullet.java,mobiarmy.server.GameData
SERVER,src/mobiarmy/war/Boss/bullet/ApacheBullet.java,mobiarmy.war.Gun
SERVER,src/mobiarmy/war/Boss/bullet/BicycleBullet.java,mobiarmy.war.Gun
SERVER,src/mobiarmy/war/Boss/bullet/BicycleBullet.java,mobiarmy.war.Player
SERVER,src/mobiarmy/war/Boss/bullet/BigBoomBullet.java,mobiarmy.war.Gun
SERVER,src/mobiarmy/war/Boss/bullet/BigBoomBullet.java,mobiarmy.war.Player
SERVER,src/mobiarmy/war/Boss/bullet/BigLaserBullet.java,mobiarmy.war.Gun
SERVER,src/mobiarmy/war/Boss/bullet/BigRocketBullet.java,mobiarmy.war.Gun
SERVER,src/mobiarmy/war/Boss/bullet/BomBullet.java,mobiarmy.war.Gun
SERVER,src/mobiarmy/war/Boss/bullet/Bullet.java,java.util.ArrayList
SERVER,src/mobiarmy/war/Boss/bullet/Bullet.java,mobiarmy.server.GameData
SERVER,src/mobiarmy/war/Boss/bullet/Bullet.java,mobiarmy.war.Gun
SERVER,src/mobiarmy/war/Boss/bullet/Bullet.java,mobiarmy.war.Player
SERVER,src/mobiarmy/war/Boss/bullet/BulletTrajectory.java,java.util.ArrayList
SERVER,src/mobiarmy/war/Boss/bullet/BulletTrajectory.java,mobiarmy.war.Gun
SERVER,src/mobiarmy/war/Boss/bullet/BulletTrajectory.java,mobiarmy.war.MapData
SERVER,src/mobiarmy/war/Boss/bullet/BulletTrajectory.java,mobiarmy.war.Player
SERVER,src/mobiarmy/war/Boss/bullet/ChickyBullet.java,mobiarmy.war.Gun
SERVER,src/mobiarmy/war/Boss/bullet/FlyPortBullet.java,mobiarmy.war.Gun
SERVER,src/mobiarmy/war/Boss/bullet/ItemB52Bullet.java,mobiarmy.war.Gun
SERVER,src/mobiarmy/war/Boss/bullet/ItemBlindBullet.java,mobiarmy.war.Gun
SERVER,src/mobiarmy/war/Boss/bullet/ItemBomBullet.java,mobiarmy.war.Gun
SERVER,src/mobiarmy/war/Boss/bullet/ItemEarthHole2Bullet.java,mobiarmy.war.Gun
SERVER,src/mobiarmy/war/Boss/bullet/ItemEarthHoleBullet.java,mobiarmy.war.Gun
SERVER,src/mobiarmy/war/Boss/bullet/ItemFreezeBullet.java,mobiarmy.war.Gun
SERVER,src/mobiarmy/war/Boss/bullet/ItemLandBullet.java,mobiarmy.war.Gun
SERVER,src/mobiarmy/war/Boss/bullet/ItemLaserBullet.java,mobiarmy.war.Gun
SERVER,src/mobiarmy/war/Boss/bullet/ItemMeteorBullet.java,mobiarmy.war.Gun
SERVER,src/mobiarmy/war/Boss/bullet/ItemMouseBullet.java,mobiarmy.war.Gun
SERVER,src/mobiarmy/war/Boss/bullet/ItemNoCollisionMap.java,mobiarmy.war.Gun
SERVER,src/mobiarmy/war/Boss/bullet/ItemPoisonBullet.java,mobiarmy.war.Gun
SERVER,src/mobiarmy/war/Boss/bullet/ItemRainBullet.java,mobiarmy.war.Gun
SERVER,src/mobiarmy/war/Boss/bullet/ItemRocketBullet.java,mobiarmy.war.Gun
SERVER,src/mobiarmy/war/Boss/bullet/ItemSilkBullet.java,mobiarmy.war.Gun
SERVER,src/mobiarmy/war/Boss/bullet/ItemSilkBullet2.java,mobiarmy.war.Gun
SERVER,src/mobiarmy/war/Boss/bullet/ItemSuicideBullet.java,mobiarmy.war.Gun
SERVER,src/mobiarmy/war/Boss/bullet/ItemTeleportBullet.java,mobiarmy.war.Gun
SERVER,src/mobiarmy/war/Boss/bullet/ItemTeleportBullet2.java,mobiarmy.war.Gun
SERVER,src/mobiarmy/war/Boss/bullet/ItemTimeBombBullet.java,mobiarmy.war.Gun
SERVER,src/mobiarmy/war/Boss/bullet/ItemTimeBombBullet.java,mobiarmy.war.TimeBomb
SERVER,src/mobiarmy/war/Boss/bullet/ItemTornadoBullet.java,mobiarmy.war.Gun
SERVER,src/mobiarmy/war/Boss/bullet/ItemTornadoBullet.java,mobiarmy.war.Tornado
SERVER,src/mobiarmy/war/Boss/bullet/ItemUfo.java,mobiarmy.war.Boss.Boss
SERVER,src/mobiarmy/war/Boss/bullet/ItemUfo.java,mobiarmy.war.Player
SERVER,src/mobiarmy/war/Boss/bullet/ItemUfoBullet.java,mobiarmy.war.Gun
SERVER,src/mobiarmy/war/Boss/bullet/MirrorBullet.java,java.awt.Color
SERVER,src/mobiarmy/war/Boss/bullet/MirrorBullet.java,java.awt.Graphics
SERVER,src/mobiarmy/war/Boss/bullet/MirrorBullet.java,java.awt.image.BufferedImage
SERVER,src/mobiarmy/war/Boss/bullet/MirrorBullet.java,java.io.File
SERVER,src/mobiarmy/war/Boss/bullet/MirrorBullet.java,java.io.IOException
SERVER,src/mobiarmy/war/Boss/bullet/MirrorBullet.java,javax.imageio.ImageIO
SERVER,src/mobiarmy/war/Boss/bullet/MirrorBullet.java,mobiarmy.server.GameData
SERVER,src/mobiarmy/war/Boss/bullet/MirrorBullet.java,mobiarmy.war.Gun
SERVER,src/mobiarmy/war/Boss/bullet/MirrorBullet.java,mobiarmy.war.Player
SERVER,src/mobiarmy/war/Boss/bullet/RocketExpBullet.java,mobiarmy.war.Gun
SERVER,src/mobiarmy/war/Boss/bullet/SmallBoomBullet.java,mobiarmy.war.Gun
SERVER,src/mobiarmy/war/Boss/bullet/SmallBoomBullet.java,mobiarmy.war.Player
SERVER,src/mobiarmy/war/Boss/bullet/TarzanBullet.java,mobiarmy.war.Gun
SERVER,src/mobiarmy/war/Boss/bullet/UfoLaserBullet.java,mobiarmy.war.Gun
SERVER,src/mobiarmy/war/Boss/bullet/UfoLaserBullet.java,mobiarmy.war.Player
SERVER,src/mobiarmy/war/Boss/Robot.java,mobiarmy.Util
SERVER,src/mobiarmy/war/Boss/Robot.java,mobiarmy.server.GameData
SERVER,src/mobiarmy/war/Boss/Robot.java,mobiarmy.war.Boss.bullet.BulletTrajectory
SERVER,src/mobiarmy/war/Boss/Robot.java,mobiarmy.war.Player
SERVER,src/mobiarmy/war/Boss/RobotSpider.java,java.util.ArrayList
SERVER,src/mobiarmy/war/Boss/RobotSpider.java,mobiarmy.Util
SERVER,src/mobiarmy/war/Boss/RobotSpider.java,mobiarmy.war.Boss.bullet.BulletTrajectory
SERVER,src/mobiarmy/war/Boss/RobotSpider.java,mobiarmy.war.Player
SERVER,src/mobiarmy/war/Boss/SmallBoom.java,mobiarmy.war.Player
SERVER,src/mobiarmy/war/Boss/Trex.java,mobiarmy.Util
SERVER,src/mobiarmy/war/Boss/Trex.java,mobiarmy.war.Boss.bullet.BulletTrajectory
SERVER,src/mobiarmy/war/Boss/Trex.java,mobiarmy.war.Player
SERVER,src/mobiarmy/war/Boss/Ufo.java,mobiarmy.Util
SERVER,src/mobiarmy/war/Boss/Ufo.java,mobiarmy.war.Player
SERVER,src/mobiarmy/war/Gun.java,java.util.ArrayList
SERVER,src/mobiarmy/war/Gun.java,java.util.HashSet
SERVER,src/mobiarmy/war/Gun.java,mobiarmy.server.GameData
SERVER,src/mobiarmy/war/MapData.java,java.awt.image.BufferedImage
SERVER,src/mobiarmy/war/MapData.java,java.io.File
SERVER,src/mobiarmy/war/MapData.java,java.io.IOException
SERVER,src/mobiarmy/war/MapData.java,java.util.ArrayList
SERVER,src/mobiarmy/war/MapData.java,java.util.Arrays
SERVER,src/mobiarmy/war/MapData.java,javax.imageio.ImageIO
SERVER,src/mobiarmy/war/MapData.java,mobiarmy.Util
SERVER,src/mobiarmy/war/MapData.java,mobiarmy.server.GameData
SERVER,src/mobiarmy/war/MapData.java,mobiarmy.server.Item
SERVER,src/mobiarmy/war/MapData.java,mobiarmy.server.Map
SERVER,src/mobiarmy/war/MapData.java,mobiarmy.server.User
SERVER,src/mobiarmy/war/MapData.java,mobiarmy.war.Boss.BigBoom
SERVER,src/mobiarmy/war/MapData.java,mobiarmy.war.Boss.GiftBox
SERVER,src/mobiarmy/war/MapData.java,mobiarmy.war.Boss.GiftBox2
SERVER,src/mobiarmy/war/MapData.java,mobiarmy.war.Boss.Robot
SERVER,src/mobiarmy/war/MapData.java,mobiarmy.war.Boss.RobotSpider
SERVER,src/mobiarmy/war/MapData.java,mobiarmy.war.Boss.SmallBoom
SERVER,src/mobiarmy/war/MapData.java,mobiarmy.war.Boss.Trex
SERVER,src/mobiarmy/war/MapData.java,mobiarmy.war.Boss.Ufo
SERVER,src/mobiarmy/war/MapData.java,mobiarmy.war.Boss.bullet.Bullet
SERVER,src/mobiarmy/war/PathSimulator.java,java.util.ArrayList
SERVER,src/mobiarmy/war/Player.java,java.util.ArrayList
SERVER,src/mobiarmy/war/Player.java,mobiarmy.Util
SERVER,src/mobiarmy/war/Player.java,mobiarmy.server.User
SERVER,src/mobiarmy/war/Player.java,mobiarmy.war.Boss.bullet.Bullet
SERVER,src/mobiarmy/war/Player.java,mobiarmy.war.Boss.bullet.BulletTrajectory
SERVER,src/mobiarmy/war/Room.java,java.sql.SQLException
SERVER,src/mobiarmy/war/Room.java,java.util.ArrayList
SERVER,src/mobiarmy/war/Room.java,mobiarmy.server.DBManager
SERVER,src/mobiarmy/war/Room.java,mobiarmy.server.Server
SERVER,src/mobiarmy/war/RoomInfo.java,com.google.gson.Gson
SERVER,src/mobiarmy/war/RoomInfo.java,java.sql.SQLException
SERVER,src/mobiarmy/war/RoomInfo.java,java.util.ArrayList
SERVER,src/mobiarmy/war/RoomInfo.java,mobiarmy.server.DBManager
SERVER,src/mobiarmy/war/RoomInfo.java,mobiarmy.server.Server
SERVER,src/mobiarmy/war/RoomWait.java,java.io.IOException
SERVER,src/mobiarmy/war/RoomWait.java,java.util.ArrayList
SERVER,src/mobiarmy/war/RoomWait.java,mobiarmy.Util
SERVER,src/mobiarmy/war/RoomWait.java,mobiarmy.server.Bot
SERVER,src/mobiarmy/war/RoomWait.java,mobiarmy.server.Map
SERVER,src/mobiarmy/war/RoomWait.java,mobiarmy.server.SessionManager
SERVER,src/mobiarmy/war/RoomWait.java,mobiarmy.server.User
