source_file,legacy_path_or_template,normalized_path,type,dynamic_template,binary_available,status
core/src/CLib/SoundSystem.java,.mp3,.mp3,audio,NO,NO,BLOCKED_ASSET_MISSING
core/src/CLib/SoundSystem.java,.ogg,.ogg,audio,NO,NO,BLOCKED_ASSET_MISSING
core/src/CLib/SoundSystem.java,.wav,.wav,audio,NO,NO,BLOCKED_ASSET_MISSING
core/src/CLib/SoundSystem.java,ONLY SUPPORT FILE.WAV AMD ,ONLY SUPPORT FILE.WAV AMD ,audio,NO,NO,BLOCKED_ASSET_MISSING
core/src/CLib/SoundSystem.java,res/music/,res/music/,audio,NO,NO,BLOCKED_ASSET_MISSING
core/src/CLib/SoundSystem.java,res/sound/,res/sound/,audio,NO,NO,BLOCKED_ASSET_MISSING
core/src/model/Font.java,/font/fontT/,/font/fontT/,font,NO,NO,BLOCKED_ASSET_MISSING
core/src/com/teamobi/mobiarmy2/MyGdxGame.java, + this.img.getWidth() + , + this.png.getWidth() + ,image,NO,NO,BLOCKED_ASSET_MISSING
core/src/CLib/ManagerTile.java,.png,.png,image,NO,NO,BLOCKED_ASSET_MISSING
core/src/CLib/SysTemFont.java,.png,.png,image,NO,NO,BLOCKED_ASSET_MISSING
core/src/CLib/mImage.java,.img,.png,image,NO,NO,BLOCKED_ASSET_MISSING
core/src/CLib/mImage.java,.png,.png,image,NO,NO,BLOCKED_ASSET_MISSING
core/src/map/Background.java,.png,.png,image,NO,NO,BLOCKED_ASSET_MISSING
core/src/screen/PrepareScr.java,.png,.png,image,NO,NO,BLOCKED_ASSET_MISSING
core/src/screen/GameScr.java,/arrow.png,/arrow.png,image,NO,NO,BLOCKED_ASSET_MISSING
core/src/com/teamobi/mobiarmy2/MainClass.java,/barMove_x2.png,/barMove_x2.png,image,NO,NO,BLOCKED_ASSET_MISSING
core/src/screen/MoneyScr.java,/coin.png,/coin.png,image,NO,NO,BLOCKED_ASSET_MISSING
core/src/screen/MoneyScrIOS.java,/coin.png,/coin.png,image,NO,NO,BLOCKED_ASSET_MISSING
core/src/screen/CScreen.java,/cup.png,/cup.png,image,NO,NO,BLOCKED_ASSET_MISSING
core/src/effect/Smoke.java,/effect/bat.png,/effect/bat.png,image,NO,NO,BLOCKED_ASSET_MISSING
core/src/effect/Smoke.java,/effect/locxoay.png,/effect/locxoay.png,image,NO,NO,BLOCKED_ASSET_MISSING
core/src/item/Bullet.java,/effect/no.png,/effect/no.png,image,NO,NO,BLOCKED_ASSET_MISSING
core/src/effect/Explosion.java,/effect/poison-attack.png,/effect/poison-attack.png,image,NO,NO,BLOCKED_ASSET_MISSING
core/src/effect/Smoke.java,/effect/star.png,/effect/star.png,image,NO,NO,BLOCKED_ASSET_MISSING
core/src/coreLG/CCanvas.java,/equip/01.png,/equip/01.png,image,NO,NO,BLOCKED_ASSET_MISSING
core/src/coreLG/CCanvas.java,/equip/02.png,/equip/02.png,image,NO,NO,BLOCKED_ASSET_MISSING
core/src/coreLG/CCanvas.java,/equip/03.png,/equip/03.png,image,NO,NO,BLOCKED_ASSET_MISSING
core/src/coreLG/CCanvas.java,/equip/04.png,/equip/04.png,image,NO,NO,BLOCKED_ASSET_MISSING
core/src/coreLG/CCanvas.java,/equip/05.png,/equip/05.png,image,NO,NO,BLOCKED_ASSET_MISSING
core/src/model/CRes.java,/er.png,/er.png,image,NO,NO,BLOCKED_ASSET_MISSING
core/src/screen/GameScr.java,/gui/barMove.png,/gui/barMove.png,image,NO,NO,BLOCKED_ASSET_MISSING
core/src/screen/LuckyGame.java,/gui/barMove.png,/gui/barMove.png,image,NO,NO,BLOCKED_ASSET_MISSING
core/src/screen/GameScr.java,/gui/logoGame.png,/gui/logoGame.png,image,NO,NO,BLOCKED_ASSET_MISSING
core/src/model/CRes.java,/gui/new.png,/gui/new.png,image,NO,NO,BLOCKED_ASSET_MISSING
core/src/model/CRes.java,/gui/nothing.png,/gui/nothing.png,image,NO,NO,BLOCKED_ASSET_MISSING
core/src/screen/GameScr.java,/gui/nut1.png,/gui/nut1.png,image,NO,NO,BLOCKED_ASSET_MISSING
core/src/screen/GameScr.java,/gui/nut2.png,/gui/nut2.png,image,NO,NO,BLOCKED_ASSET_MISSING
core/src/screen/GameScr.java,/gui/nut3.png,/gui/nut3.png,image,NO,NO,BLOCKED_ASSET_MISSING
core/src/screen/GameScr.java,/gui/nut_down.png,/gui/nut_down.png,image,NO,NO,BLOCKED_ASSET_MISSING
core/src/screen/GameScr.java,/gui/nut_up.png,/gui/nut_up.png,image,NO,NO,BLOCKED_ASSET_MISSING
core/src/screen/GameScr.java,/gui/wind3.png,/gui/wind3.png,image,NO,NO,BLOCKED_ASSET_MISSING
core/src/screen/PrepareScr.java,/iconChat.png,/iconChat.png,image,NO,NO,BLOCKED_ASSET_MISSING
core/src/model/CRes.java,/iconcam.png,/iconcam.png,image,NO,NO,BLOCKED_ASSET_MISSING
core/src/model/CRes.java,/iconmenu.png,/iconmenu.png,image,NO,NO,BLOCKED_ASSET_MISSING
core/src/screen/LevelScreen.java,/item/+.png,/item/+.png,image,NO,NO,BLOCKED_ASSET_MISSING
core/src/screen/LevelScreen.java,/item/ability.png,/item/ability.png,image,NO,NO,BLOCKED_ASSET_MISSING
core/src/item/Bullet.java,/item/axit.png,/item/axit.png,image,NO,NO,BLOCKED_ASSET_MISSING
core/src/player/Boss.java,/item/bongbong.png,/item/bongbong.png,image,NO,NO,BLOCKED_ASSET_MISSING
core/src/player/Boss.java,/item/box.png,/item/box.png,image,NO,NO,BLOCKED_ASSET_MISSING
core/src/player/Boss.java,/item/box2.png,/item/box2.png,image,NO,NO,BLOCKED_ASSET_MISSING
core/src/player/Boss.java,/item/boxEmpty.png,/item/boxEmpty.png,image,NO,NO,BLOCKED_ASSET_MISSING
core/src/screen/LuckyGame.java,/kim.png,/kim.png,image,NO,NO,BLOCKED_ASSET_MISSING
core/src/screen/CScreen.java,/lever-up.png,/lever-up.png,image,NO,NO,BLOCKED_ASSET_MISSING
core/src/screen/PrepareScr.java,/randomMap.png,/randomMap.png,image,NO,NO,BLOCKED_ASSET_MISSING
core/src/screen/LoginScr.java,/remember.png,/remember.png,image,NO,NO,BLOCKED_ASSET_MISSING
core/src/model/CRes.java,/tick0.png,/tick0.png,image,NO,NO,BLOCKED_ASSET_MISSING
core/src/screen/ConfigScr.java,/tick0.png,/tick0.png,image,NO,NO,BLOCKED_ASSET_MISSING
core/src/model/CRes.java,/tick1.png,/tick1.png,image,NO,NO,BLOCKED_ASSET_MISSING
core/src/screen/ConfigScr.java,/tick1.png,/tick1.png,image,NO,NO,BLOCKED_ASSET_MISSING
core/src/effect/Snow.java,/tuyet.png,/tuyet.png,image,NO,NO,BLOCKED_ASSET_MISSING
core/src/screen/CScreen.java,/v.png,/v.png,image,NO,NO,BLOCKED_ASSET_MISSING
core/src/screen/LuckyGame.java,/vong.png,/vong.png,image,NO,NO,BLOCKED_ASSET_MISSING
core/src/screen/LuckyGame.java,/vong_tron.png,/vong_tron.png,image,NO,NO,BLOCKED_ASSET_MISSING
core/src/screen/GameScr.java,/wind.png,/wind.png,image,NO,NO,BLOCKED_ASSET_MISSING
core/src/screen/GameScr.java,/wind2.png,/wind2.png,image,NO,NO,BLOCKED_ASSET_MISSING
core/src/model/CRes.java,/x.png,/x.png,image,NO,NO,BLOCKED_ASSET_MISSING
core/src/screen/CScreen.java,/x.png,/x.png,image,NO,NO,BLOCKED_ASSET_MISSING
core/src/item/Bullet.java,13Missile.png,13Missile.png,image,NO,NO,BLOCKED_ASSET_MISSING
core/src/effect/Explosion.java,Eff.png,Eff.png,image,NO,NO,BLOCKED_ASSET_MISSING
core/src/model/CRes.java,ScreenShot/mypixma3p.png,ScreenShot/mypixma3p.png,image,NO,NO,BLOCKED_ASSET_MISSING
core/src/player/CPlayer.java,UFO.png,UFO.png,image,NO,NO,BLOCKED_ASSET_MISSING
core/src/player/CPlayer.java,UFOFire.png,UFOFire.png,image,NO,NO,BLOCKED_ASSET_MISSING
core/src/map/Background.java,a.png,a.png,image,NO,NO,BLOCKED_ASSET_MISSING
core/src/screen/GameScr.java,angle.png,angle.png,image,NO,NO,BLOCKED_ASSET_MISSING
core/src/player/CPlayer.java,apache.png,apache.png,image,NO,NO,BLOCKED_ASSET_MISSING
core/src/model/Font.java,arial11b.png,arial11b.png,image,NO,NO,BLOCKED_ASSET_MISSING
core/src/model/Font.java,arialf.png,arialf.png,image,NO,NO,BLOCKED_ASSET_MISSING
core/src/player/CPlayer.java,arm.png,arm.png,image,NO,NO,BLOCKED_ASSET_MISSING
core/src/screen/GameScr.java,arrowMenu.png,arrowMenu.png,image,NO,NO,BLOCKED_ASSET_MISSING
core/src/screen/GameScr.java,arrowRed.png,arrowRed.png,image,NO,NO,BLOCKED_ASSET_MISSING
core/src/screen/GameScr.java,arrowup.png,arrowup.png,image,NO,NO,BLOCKED_ASSET_MISSING
core/src/map/Background.java,b.png,b.png,image,NO,NO,BLOCKED_ASSET_MISSING
core/src/player/CPlayer.java,back_fan.png,back_fan.png,image,NO,NO,BLOCKED_ASSET_MISSING
core/src/com/teamobi/mobiarmy2/MainClass.java,badlogic.jpg,badlogic.jpg,image,NO,NO,BLOCKED_ASSET_MISSING
core/src/com/teamobi/mobiarmy2/MyGdxGame.java,badlogic.jpg,badlogic.jpg,image,NO,NO,BLOCKED_ASSET_MISSING
core/src/item/Bullet.java,bigMissile.png,bigMissile.png,image,NO,NO,BLOCKED_ASSET_MISSING
core/src/map/Background.java,bigballoon.png,bigballoon.png,image,NO,NO,BLOCKED_ASSET_MISSING
core/src/effect/Smoke.java,blacksmoke.png,blacksmoke.png,image,NO,NO,BLOCKED_ASSET_MISSING
core/src/effect/Smoke.java,blueSmoke.png,blueSmoke.png,image,NO,NO,BLOCKED_ASSET_MISSING
core/src/effect/Smoke.java,blueSmoke2.png,blueSmoke2.png,image,NO,NO,BLOCKED_ASSET_MISSING
core/src/player/CPlayer.java,body.png,body.png,image,NO,NO,BLOCKED_ASSET_MISSING
core/src/player/CPlayer.java,body_injured.png,body_injured.png,image,NO,NO,BLOCKED_ASSET_MISSING
core/src/item/Bullet.java,bomb.png,bomb.png,image,NO,NO,BLOCKED_ASSET_MISSING
core/src/player/CPlayer.java,bomb.png,bomb.png,image,NO,NO,BLOCKED_ASSET_MISSING
core/src/effect/Explosion.java,bomnguyentu.png,bomnguyentu.png,image,NO,NO,BLOCKED_ASSET_MISSING
core/src/item/Bullet.java,boomerang-big.png,boomerang-big.png,image,NO,NO,BLOCKED_ASSET_MISSING
core/src/player/CPlayer.java,bossbig.png,bossbig.png,image,NO,NO,BLOCKED_ASSET_MISSING
core/src/player/CPlayer.java,bossrobot.png,bossrobot.png,image,NO,NO,BLOCKED_ASSET_MISSING
core/src/player/CPlayer.java,bosssmall.png,bosssmall.png,image,NO,NO,BLOCKED_ASSET_MISSING
core/src/player/CPlayer.java,bug_body.png,bug_body.png,image,NO,NO,BLOCKED_ASSET_MISSING
core/src/player/CPlayer.java,bug_gun.png,bug_gun.png,image,NO,NO,BLOCKED_ASSET_MISSING
core/src/player/CPlayer.java,bug_leg.png,bug_leg.png,image,NO,NO,BLOCKED_ASSET_MISSING
core/src/item/Bullet.java,cannon.png,cannon.png,image,NO,NO,BLOCKED_ASSET_MISSING
core/src/screen/GameScr.java,chat.png,chat.png,image,NO,NO,BLOCKED_ASSET_MISSING
core/src/item/Bullet.java,chatlong.png,chatlong.png,image,NO,NO,BLOCKED_ASSET_MISSING
core/src/item/Bullet.java,chuoi2.png,chuoi2.png,image,NO,NO,BLOCKED_ASSET_MISSING
core/src/item/Bullet.java,chuotBull.png,chuotBull.png,image,NO,NO,BLOCKED_ASSET_MISSING
core/src/effect/Smoke.java,chuotbay.png,chuotbay.png,image,NO,NO,BLOCKED_ASSET_MISSING
core/src/map/Background.java,cl2.png,cl2.png,image,NO,NO,BLOCKED_ASSET_MISSING
core/src/map/Background.java,cloud1.png,cloud1.png,image,NO,NO,BLOCKED_ASSET_MISSING
core/src/map/Background.java,co.png,co.png,image,NO,NO,BLOCKED_ASSET_MISSING
core/src/map/Background.java,co2.png,co2.png,image,NO,NO,BLOCKED_ASSET_MISSING
core/src/effect/Smoke.java,cobay.png,cobay.png,image,NO,NO,BLOCKED_ASSET_MISSING
core/src/map/Background.java,cobay.png,cobay.png,image,NO,NO,BLOCKED_ASSET_MISSING
core/src/player/CPlayer.java,conKhiP.png,conKhiP.png,image,NO,NO,BLOCKED_ASSET_MISSING
core/src/player/CPlayer.java,cowg.png,cowg.png,image,NO,NO,BLOCKED_ASSET_MISSING
core/src/screen/GameScr.java,curMapPos.png,curMapPos.png,image,NO,NO,BLOCKED_ASSET_MISSING
core/src/player/CPlayer.java,cuteGirl.png,cuteGirl.png,image,NO,NO,BLOCKED_ASSET_MISSING
core/src/item/Bullet.java,dan.png,dan.png,image,NO,NO,BLOCKED_ASSET_MISSING
core/src/item/Bullet.java,daodat.png,daodat.png,image,NO,NO,BLOCKED_ASSET_MISSING
core/src/item/Bullet.java,daodat2.png,daodat2.png,image,NO,NO,BLOCKED_ASSET_MISSING
core/src/player/CPlayer.java,diamond.png,diamond.png,image,NO,NO,BLOCKED_ASSET_MISSING
core/src/effect/Explosion.java,dongbang.png,dongbang.png,image,NO,NO,BLOCKED_ASSET_MISSING
core/src/effect/Explosion.java,electric.png,electric.png,image,NO,NO,BLOCKED_ASSET_MISSING
core/src/effect/Explosion.java,electric2.png,electric2.png,image,NO,NO,BLOCKED_ASSET_MISSING
core/src/com/teamobi/mobiarmy2/MainClass.java,ex3.png,ex3.png,image,NO,NO,BLOCKED_ASSET_MISSING
core/src/effect/Explosion.java,ex3.png,ex3.png,image,NO,NO,BLOCKED_ASSET_MISSING
core/src/effect/Smoke.java,ex3.png,ex3.png,image,NO,NO,BLOCKED_ASSET_MISSING
core/src/player/CPlayer.java,eye.png,eye.png,image,NO,NO,BLOCKED_ASSET_MISSING
core/src/player/CPlayer.java,fan1.png,fan1.png,image,NO,NO,BLOCKED_ASSET_MISSING
core/src/player/CPlayer.java,fan2.png,fan2.png,image,NO,NO,BLOCKED_ASSET_MISSING
core/src/model/Font.java,fb.png,fb.png,image,NO,NO,BLOCKED_ASSET_MISSING
core/src/model/Font.java,fb1.png,fb1.png,image,NO,NO,BLOCKED_ASSET_MISSING
core/src/model/Font.java,fb2.png,fb2.png,image,NO,NO,BLOCKED_ASSET_MISSING
core/src/model/Font.java,fb3.png,fb3.png,image,NO,NO,BLOCKED_ASSET_MISSING
core/src/model/Font.java,fb4.png,fb4.png,image,NO,NO,BLOCKED_ASSET_MISSING
core/src/model/Font.java,fcg14m.png,fcg14m.png,image,NO,NO,BLOCKED_ASSET_MISSING
core/src/screen/GameScr.java,fighter.png,fighter.png,image,NO,NO,BLOCKED_ASSET_MISSING
core/src/player/CPlayer.java,fire.png,fire.png,image,NO,NO,BLOCKED_ASSET_MISSING
core/src/effect/Explosion.java,freeze.png,freeze.png,image,NO,NO,BLOCKED_ASSET_MISSING
core/src/player/CPlayer.java,front_fan.png,front_fan.png,image,NO,NO,BLOCKED_ASSET_MISSING
core/src/model/Font.java,fs0.png,fs0.png,image,NO,NO,BLOCKED_ASSET_MISSING
core/src/model/Font.java,fs1.png,fs1.png,image,NO,NO,BLOCKED_ASSET_MISSING
core/src/player/CPlayer.java,ga.png,ga.png,image,NO,NO,BLOCKED_ASSET_MISSING
core/src/item/Bullet.java,gaBull2.png,gaBull2.png,image,NO,NO,BLOCKED_ASSET_MISSING
core/src/effect/Smoke.java,gatruilong.png,gatruilong.png,image,NO,NO,BLOCKED_ASSET_MISSING
core/src/player/CPlayer.java,greenP.png,greenP.png,image,NO,NO,BLOCKED_ASSET_MISSING
core/src/item/Bullet.java,grenade.png,grenade.png,image,NO,NO,BLOCKED_ASSET_MISSING
core/src/player/CPlayer.java,gun.png,gun.png,image,NO,NO,BLOCKED_ASSET_MISSING
core/src/item/Bullet.java,gunIcon.png,gunIcon.png,image,NO,NO,BLOCKED_ASSET_MISSING
core/src/player/CPlayer.java,gunbig.png,gunbig.png,image,NO,NO,BLOCKED_ASSET_MISSING
core/src/map/CMap.java,h14x12.png,h14x12.png,image,NO,NO,BLOCKED_ASSET_MISSING
core/src/map/CMap.java,h32x26.png,h32x26.png,image,NO,NO,BLOCKED_ASSET_MISSING
core/src/map/CMap.java,h36x30.png,h36x30.png,image,NO,NO,BLOCKED_ASSET_MISSING
core/src/map/CMap.java,h55x50.png,h55x50.png,image,NO,NO,BLOCKED_ASSET_MISSING
core/src/map/CMap.java,hgrenade.png,hgrenade.png,image,NO,NO,BLOCKED_ASSET_MISSING
core/src/screen/GameScr.java,hongTam.png,hongTam.png,image,NO,NO,BLOCKED_ASSET_MISSING
core/src/map/CMap.java,hrangcua.png,hrangcua.png,image,NO,NO,BLOCKED_ASSET_MISSING
core/src/screen/GameScr.java,icon.png,icon.png,image,NO,NO,BLOCKED_ASSET_MISSING
core/src/map/Background.java,inWater.png,inWater.png,image,NO,NO,BLOCKED_ASSET_MISSING
core/src/player/CPlayer.java,injured.png,injured.png,image,NO,NO,BLOCKED_ASSET_MISSING
core/src/screen/GameScr.java,item.png,item.png,image,NO,NO,BLOCKED_ASSET_MISSING
core/src/player/CPlayer.java,khicau.png,khicau.png,image,NO,NO,BLOCKED_ASSET_MISSING
core/src/item/Bullet.java,khoang.png,khoang.png,image,NO,NO,BLOCKED_ASSET_MISSING
core/src/effect/Smoke.java,khoi.png,khoi.png,image,NO,NO,BLOCKED_ASSET_MISSING
core/src/effect/Explosion.java,khoidoc.png,khoidoc.png,image,NO,NO,BLOCKED_ASSET_MISSING
core/src/screen/PrepareScr.java,khungmap.png,khungmap.png,image,NO,NO,BLOCKED_ASSET_MISSING
core/src/effect/Smoke.java,lacay.png,lacay.png,image,NO,NO,BLOCKED_ASSET_MISSING
core/src/effect/Smoke.java,lacay2.png,lacay2.png,image,NO,NO,BLOCKED_ASSET_MISSING
core/src/item/Bullet.java,laser.png,laser.png,image,NO,NO,BLOCKED_ASSET_MISSING
core/src/player/CPlayer.java,leg.png,leg.png,image,NO,NO,BLOCKED_ASSET_MISSING
core/src/map/Background.java,lg.png,lg.png,image,NO,NO,BLOCKED_ASSET_MISSING
core/src/screen/GameScr.java,lock.png,lock.png,image,NO,NO,BLOCKED_ASSET_MISSING
core/src/screen/GameScr.java,lock2.png,lock2.png,image,NO,NO,BLOCKED_ASSET_MISSING
core/src/effect/Smoke.java,locxoay.png,locxoay.png,image,NO,NO,BLOCKED_ASSET_MISSING
core/src/screen/GameScr.java,logo_2.png,logo_2.png,image,NO,NO,BLOCKED_ASSET_MISSING
core/src/effect/Smoke.java,longga.png,longga.png,image,NO,NO,BLOCKED_ASSET_MISSING
core/src/map/Background.java,longga.png,longga.png,image,NO,NO,BLOCKED_ASSET_MISSING
core/src/effect/Smoke.java,lua.png,lua.png,image,NO,NO,BLOCKED_ASSET_MISSING
core/src/player/CPlayer.java,ma.png,ma.png,image,NO,NO,BLOCKED_ASSET_MISSING
core/src/player/CPlayer.java,ma2.png,ma2.png,image,NO,NO,BLOCKED_ASSET_MISSING
core/src/player/CPlayer.java,magenta.png,magenta.png,image,NO,NO,BLOCKED_ASSET_MISSING
core/src/player/CPlayer.java,mainGun.png,mainGun.png,image,NO,NO,BLOCKED_ASSET_MISSING
core/src/map/CMap.java,mangnhen.png,mangnhen.png,image,NO,NO,BLOCKED_ASSET_MISSING
core/src/screen/GameScr.java,menubg.png,menubg.png,image,NO,NO,BLOCKED_ASSET_MISSING
core/src/map/Background.java,miniballoon.png,miniballoon.png,image,NO,NO,BLOCKED_ASSET_MISSING
core/src/map/Background.java,mocxich.png,mocxich.png,image,NO,NO,BLOCKED_ASSET_MISSING
core/src/screen/GameScr.java,mode.png,mode.png,image,NO,NO,BLOCKED_ASSET_MISSING
core/src/screen/GameScr.java,msg0.png,msg0.png,image,NO,NO,BLOCKED_ASSET_MISSING
core/src/screen/GameScr.java,msg1.png,msg1.png,image,NO,NO,BLOCKED_ASSET_MISSING
core/src/effect/Explosion.java,mua.png,mua.png,image,NO,NO,BLOCKED_ASSET_MISSING
core/src/screen/GameScr.java,off.png,off.png,image,NO,NO,BLOCKED_ASSET_MISSING
core/src/screen/GameScr.java,on.png,on.png,image,NO,NO,BLOCKED_ASSET_MISSING
core/src/screen/GameScr.java,popupRound.png,popupRound.png,image,NO,NO,BLOCKED_ASSET_MISSING
core/src/screen/GameScr.java,quanham.png,quanham.png,image,NO,NO,BLOCKED_ASSET_MISSING
core/src/screen/GameScr.java,r2.png,r2.png,image,NO,NO,BLOCKED_ASSET_MISSING
core/src/map/CMap.java,rangehole.png,rangehole.png,image,NO,NO,BLOCKED_ASSET_MISSING
desktop/src/com/mygdx/game/DesktopLauncher.java,res/icon.png,res/icon.png,image,NO,NO,BLOCKED_ASSET_MISSING
core/src/player/CPlayer.java,robot.png,robot.png,image,NO,NO,BLOCKED_ASSET_MISSING
core/src/effect/Smoke.java,rock1.png,rock1.png,image,NO,NO,BLOCKED_ASSET_MISSING
core/src/map/Background.java,rock1.png,rock1.png,image,NO,NO,BLOCKED_ASSET_MISSING
core/src/effect/Smoke.java,rock2.png,rock2.png,image,NO,NO,BLOCKED_ASSET_MISSING
core/src/map/Background.java,rock2.png,rock2.png,image,NO,NO,BLOCKED_ASSET_MISSING
core/src/map/CMap.java,rocket.png,rocket.png,image,NO,NO,BLOCKED_ASSET_MISSING
core/src/item/Bullet.java,rocket2.png,rocket2.png,image,NO,NO,BLOCKED_ASSET_MISSING
core/src/player/CPlayer.java,rocketer.png,rocketer.png,image,NO,NO,BLOCKED_ASSET_MISSING
core/src/item/Bullet.java,saobang.png,saobang.png,image,NO,NO,BLOCKED_ASSET_MISSING
core/src/map/CMap.java,smallhole.png,smallhole.png,image,NO,NO,BLOCKED_ASSET_MISSING
core/src/effect/Smoke.java,smoke.png,smoke.png,image,NO,NO,BLOCKED_ASSET_MISSING
core/src/effect/Smoke.java,smoke2.png,smoke2.png,image,NO,NO,BLOCKED_ASSET_MISSING
core/src/effect/Smoke.java,smokeFire.png,smokeFire.png,image,NO,NO,BLOCKED_ASSET_MISSING
core/src/model/Font.java,so.png,so.png,image,NO,NO,BLOCKED_ASSET_MISSING
core/src/item/Bullet.java,specialbullet.png,specialbullet.png,image,NO,NO,BLOCKED_ASSET_MISSING
core/src/player/CPlayer.java,spider.png,spider.png,image,NO,NO,BLOCKED_ASSET_MISSING
core/src/screen/GameScr.java,stat.png,stat.png,image,NO,NO,BLOCKED_ASSET_MISSING
core/src/map/Background.java,stone.png,stone.png,image,NO,NO,BLOCKED_ASSET_MISSING
core/src/map/Background.java,sun0.png,sun0.png,image,NO,NO,BLOCKED_ASSET_MISSING
core/src/map/Background.java,sun1.png,sun1.png,image,NO,NO,BLOCKED_ASSET_MISSING
core/src/model/Font.java,tahoma9.png,tahoma9.png,image,NO,NO,BLOCKED_ASSET_MISSING
core/src/effect/Explosion.java,tangHinhEffect.png,tangHinhEffect.png,image,NO,NO,BLOCKED_ASSET_MISSING
core/src/player/CPlayer.java,tazz.png,tazz.png,image,NO,NO,BLOCKED_ASSET_MISSING
core/src/effect/Explosion.java,teleport_eff.png,teleport_eff.png,image,NO,NO,BLOCKED_ASSET_MISSING
core/src/item/Bullet.java,thienthach.png,thienthach.png,image,NO,NO,BLOCKED_ASSET_MISSING
core/src/effect/Explosion.java,thuocno.png,thuocno.png,image,NO,NO,BLOCKED_ASSET_MISSING
core/src/screen/GameScr.java,transparent.png,transparent.png,image,NO,NO,BLOCKED_ASSET_MISSING
core/src/screen/GameScr.java,trs.png,trs.png,image,NO,NO,BLOCKED_ASSET_MISSING
core/src/item/Bullet.java,trung2.png,trung2.png,image,NO,NO,BLOCKED_ASSET_MISSING
core/src/item/Bullet.java,trungvang.png,trungvang.png,image,NO,NO,BLOCKED_ASSET_MISSING
core/src/effect/Smoke.java,water.png,water.png,image,NO,NO,BLOCKED_ASSET_MISSING
core/src/effect/Explosion.java,waterBum.png,waterBum.png,image,NO,NO,BLOCKED_ASSET_MISSING
core/src/item/Bullet.java,web.png,web.png,image,NO,NO,BLOCKED_ASSET_MISSING
core/src/map/Background.java,web.png,web.png,image,NO,NO,BLOCKED_ASSET_MISSING
core/src/map/Background.java,wts.png,wts.png,image,NO,NO,BLOCKED_ASSET_MISSING
core/src/player/CPlayer.java,yellowP.png,yellowP.png,image,NO,NO,BLOCKED_ASSET_MISSING
core/src/screen/CScreen.java,/map/arrow.png,/map/arrow.png,map,NO,NO,BLOCKED_ASSET_MISSING
core/src/screen/LevelScreen.java,/map/arrow1.png,/map/arrow1.png,map,NO,NO,BLOCKED_ASSET_MISSING
core/src/map/Background.java,/map/bgItem/back1.png,/map/bgItem/back1.png,map,NO,NO,BLOCKED_ASSET_MISSING
core/src/map/Background.java,/map/bgItem/back11.png,/map/bgItem/back11.png,map,NO,NO,BLOCKED_ASSET_MISSING
core/src/map/Background.java,/map/bgItem/back12.png,/map/bgItem/back12.png,map,NO,NO,BLOCKED_ASSET_MISSING
core/src/map/Background.java,/map/bgItem/back14.png,/map/bgItem/back14.png,map,NO,NO,BLOCKED_ASSET_MISSING
core/src/map/Background.java,/map/bgItem/back15.png,/map/bgItem/back15.png,map,NO,NO,BLOCKED_ASSET_MISSING
core/src/map/Background.java,/map/bgItem/back16.png,/map/bgItem/back16.png,map,NO,NO,BLOCKED_ASSET_MISSING
core/src/map/Background.java,/map/bgItem/back17.png,/map/bgItem/back17.png,map,NO,NO,BLOCKED_ASSET_MISSING
core/src/map/Background.java,/map/bgItem/back2.png,/map/bgItem/back2.png,map,NO,NO,BLOCKED_ASSET_MISSING
core/src/map/Background.java,/map/bgItem/back3.png,/map/bgItem/back3.png,map,NO,NO,BLOCKED_ASSET_MISSING
core/src/map/Background.java,/map/bgItem/back4.png,/map/bgItem/back4.png,map,NO,NO,BLOCKED_ASSET_MISSING
core/src/map/Background.java,/map/bgItem/back5.png,/map/bgItem/back5.png,map,NO,NO,BLOCKED_ASSET_MISSING
core/src/map/Background.java,/map/bgItem/back6.png,/map/bgItem/back6.png,map,NO,NO,BLOCKED_ASSET_MISSING
core/src/map/Background.java,/map/bgItem/back7.png,/map/bgItem/back7.png,map,NO,NO,BLOCKED_ASSET_MISSING
core/src/map/Background.java,/map/bgItem/back8.png,/map/bgItem/back8.png,map,NO,NO,BLOCKED_ASSET_MISSING
core/src/map/Background.java,/map/bgItem/bang.png,/map/bgItem/bang.png,map,NO,NO,BLOCKED_ASSET_MISSING
core/src/map/Background.java,/map/bgItem/bg-cloud.png,/map/bgItem/bg-cloud.png,map,NO,NO,BLOCKED_ASSET_MISSING
core/src/map/Background.java,/map/bgItem/bg_cloud1.png,/map/bgItem/bg_cloud1.png,map,NO,NO,BLOCKED_ASSET_MISSING
core/src/map/Background.java,/map/bgItem/canhdong.png,/map/bgItem/canhdong.png,map,NO,NO,BLOCKED_ASSET_MISSING
core/src/map/Background.java,/map/bgItem/halongkaka.png,/map/bgItem/halongkaka.png,map,NO,NO,BLOCKED_ASSET_MISSING
core/src/map/Background.java,/map/bgItem/map_spider_layout.png,/map/bgItem/map_spider_layout.png,map,NO,NO,BLOCKED_ASSET_MISSING
core/src/map/Background.java,/map/bgItem/rock_down.png,/map/bgItem/rock_down.png,map,NO,NO,BLOCKED_ASSET_MISSING
core/src/map/Background.java,/map/bgItem/rock_up.png,/map/bgItem/rock_up.png,map,NO,NO,BLOCKED_ASSET_MISSING
core/src/map/Background.java,/map/bgItem/rungRam.png,/map/bgItem/rungRam.png,map,NO,NO,BLOCKED_ASSET_MISSING
core/src/screen/CScreen.java,/map/corner.png,/map/corner.png,map,NO,NO,BLOCKED_ASSET_MISSING
core/src/screen/PrepareScr.java,/map/line.png,/map/line.png,map,NO,NO,BLOCKED_ASSET_MISSING
core/src/screen/CScreen.java,/map/tab_1.png,/map/tab_1.png,map,NO,NO,BLOCKED_ASSET_MISSING
core/src/screen/CScreen.java,/map/tab_2.png,/map/tab_2.png,map,NO,NO,BLOCKED_ASSET_MISSING
core/src/screen/CScreen.java,/map/tab_3.png,/map/tab_3.png,map,NO,NO,BLOCKED_ASSET_MISSING
core/src/screen/CScreen.java,/map/tab_4.png,/map/tab_4.png,map,NO,NO,BLOCKED_ASSET_MISSING
core/src/screen/CScreen.java,/map/tab_5.png,/map/tab_5.png,map,NO,NO,BLOCKED_ASSET_MISSING
core/src/coreLG/CONFIG.java,UI/Old/map/bgItem/,UI/Old/map/bgItem/,map,NO,NO,BLOCKED_ASSET_MISSING
core/src/CLib/ManagerTile.java,/Tile/tile,/Tile/tile,tile,NO,NO,BLOCKED_ASSET_MISSING
core/src/CLib/ManagerTile.java,/Tile/tile_small,/Tile/tile_small,tile,NO,NO,BLOCKED_ASSET_MISSING
core/src/screen/GameScr.java,tile1.png,tile1.png,tile,NO,NO,BLOCKED_ASSET_MISSING
